Open,High,Low,Close,Adj Close,Volume,Name
41.406097412109375,41.406097412109375,41.2075080871582,41.2075080871582,41.2075080871582,201,UA
40.581947326660156,40.581947326660156,40.581947326660156,40.581947326660156,40.581947326660156,100,UA
40.581947326660156,40.581947326660156,40.581947326660156,40.581947326660156,40.581947326660156,0,UA
40.581947326660156,40.581947326660156,40.581947326660156,40.581947326660156,40.581947326660156,0,UA
41.18764877319336,41.703983306884766,41.17771911621094,41.703983306884766,41.703983306884766,3751,UA
41.703983306884766,41.703983306884766,41.42595672607422,41.42595672607422,41.42595672607422,604,UA
40.80039978027344,40.80039978027344,40.80039978027344,40.80039978027344,40.80039978027344,100,UA
40.4826545715332,41.862857818603516,40.46279525756836,40.46279525756836,40.46279525756836,956,UA
40.21455764770508,41.73377227783203,40.21455764770508,40.80039978027344,40.80039978027344,1712,UA
41.05856704711914,41.703983306884766,40.77061080932617,41.505393981933594,41.505393981933594,721,UA
41.79335021972656,41.83306884765625,41.267086029052734,41.267086029052734,41.267086029052734,5958,UA
41.316734313964844,44.03742218017578,41.03016662597656,43.709747314453125,43.709747314453125,3627837,UA
43.33242416381836,43.37214279174805,40.681243896484375,41.167789459228516,41.167789459228516,4123776,UA
40.95927047729492,41.36638259887695,39.94646072387695,41.356449127197266,41.356449127197266,3638832,UA
41.0387077331543,42.37919235229492,41.0387077331543,41.505393981933594,41.505393981933594,4456798,UA
41.694053649902344,42.55792236328125,41.614620208740234,41.93236541748047,41.93236541748047,2543924,UA
41.52525329589844,41.753631591796875,40.8997917175293,41.703983306884766,41.703983306884766,2360721,UA
41.09828567504883,42.240177154541016,41.09828567504883,42.12102508544922,42.12102508544922,2559765,UA
42.25010681152344,43.05439758300781,41.95222473144531,42.696937561035156,42.696937561035156,1656225,UA
42.55792236328125,43.26292037963867,42.448699951171875,42.4586296081543,42.4586296081543,2283437,UA
46.0233268737793,46.202056884765625,43.67995834350586,45.40769577026367,45.40769577026367,3294175,UA
45.15945816040039,45.854522705078125,43.77925491333008,44.74241638183594,44.74241638183594,2415549,UA
44.57361602783203,44.58354568481445,43.79911422729492,43.948055267333984,43.948055267333984,2122494,UA
43.89841079711914,44.57361602783203,43.54094696044922,43.64023971557617,43.64023971557617,2196556,UA
43.8785514831543,43.89841079711914,41.455745697021484,41.862857818603516,41.862857818603516,1289967,UA
41.813209533691406,42.78630065917969,41.54511260986328,41.59476089477539,41.59476089477539,1456095,UA
41.41603088378906,41.59476089477539,40.18476867675781,40.51244354248047,40.51244354248047,1978337,UA
40.284061431884766,40.53230285644531,39.59892654418945,39.98617935180664,39.98617935180664,1464117,UA
39.14216613769531,40.18476867675781,39.14216613769531,39.83723449707031,39.83723449707031,1550133,UA
38.57618713378906,38.625831604003906,36.7789421081543,37.1264762878418,37.1264762878418,4548211,UA
37.13640594482422,37.900978088378906,36.81875991821289,37.225772857666016,37.225772857666016,1129592,UA
36.73922348022461,37.08675765991211,36.01436996459961,36.123592376708984,36.123592376708984,1356498,UA
36.0540885925293,36.46119689941406,35.71132278442383,36.0540885925293,36.0540885925293,1717732,UA
36.332115173339844,37.017250061035156,36.14345169067383,36.292396545410156,36.292396545410156,1291895,UA
35.746273040771484,35.86433410644531,34.559696197509766,34.9817008972168,34.9817008972168,1955208,UA
35.31930160522461,35.408668518066406,34.564659118652344,34.94198226928711,34.94198226928711,1646057,UA
34.723533630371094,34.9817008972168,34.23698425292969,34.465362548828125,34.465362548828125,1921686,UA
34.336280822753906,34.65898895263672,34.20719528198242,34.29656219482422,34.29656219482422,1707830,UA
34.20719528198242,34.49515151977539,33.854698181152344,34.227054595947266,34.227054595947266,1908909,UA
34.088043212890625,34.15755081176758,33.46248245239258,33.978816986083984,33.978816986083984,987918,UA
33.54191970825195,34.753318786621094,33.54191970825195,34.60437774658203,34.60437774658203,1064906,UA
34.64409637451172,35.398738861083984,34.48522186279297,35.32923126220703,35.32923126220703,1060326,UA
35.27958679199219,35.746273040771484,34.50508117675781,34.58451843261719,34.58451843261719,688688,UA
34.763248443603516,35.835636138916016,34.74338912963867,35.32923126220703,35.32923126220703,1151210,UA
35.65690612792969,35.746273040771484,35.100852966308594,35.22993850708008,35.22993850708008,1332346,UA
35.259727478027344,35.259727478027344,34.66395568847656,34.673885345458984,34.673885345458984,881217,UA
34.723533630371094,34.96184158325195,34.59444808959961,34.812896728515625,34.812896728515625,1113360,UA
34.99163055419922,35.1505012512207,34.40578842163086,34.723533630371094,34.723533630371094,6356162,UA
33.154666900634766,33.517093658447266,32.39595413208008,33.48234176635742,33.48234176635742,3102853,UA
33.43269348144531,34.0781135559082,33.42276382446289,33.978816986083984,33.978816986083984,2805181,UA
33.54191970825195,34.0781135559082,33.54191970825195,33.91924285888672,33.91924285888672,974731,UA
33.929168701171875,34.326351165771484,33.87952423095703,34.15755081176758,34.15755081176758,1970351,UA
34.55472946166992,35.03134536743164,33.96888732910156,34.95191192626953,34.95191192626953,1451375,UA
35.41859817504883,36.292396545410156,35.03144454956055,36.183170318603516,36.183170318603516,1296498,UA
35.97465133666992,36.059051513671875,35.587398529052734,35.885284423828125,35.885284423828125,1233659,UA
35.4980354309082,36.15338134765625,35.448387145996094,35.53775405883789,35.53775405883789,621265,UA
35.619998931884766,35.7400016784668,34.619998931884766,34.68000030517578,34.68000030517578,1254294,UA
34.65999984741211,34.75,34.0,34.400001525878906,34.400001525878906,1086008,UA
34.45000076293945,35.470001220703125,34.45000076293945,34.77000045776367,34.77000045776367,1062818,UA
34.220001220703125,34.27000045776367,33.15999984741211,33.47999954223633,33.47999954223633,1215871,UA
33.720001220703125,34.25,33.599998474121094,34.13999938964844,34.13999938964844,1302234,UA
34.709999084472656,35.16999816894531,34.650001525878906,34.77000045776367,34.77000045776367,845879,UA
34.90999984741211,35.47999954223633,34.75,34.91999816894531,34.91999816894531,585531,UA
34.95000076293945,35.0098991394043,34.2599983215332,34.31999969482422,34.31999969482422,635385,UA
34.54999923706055,34.775001525878906,34.400001525878906,34.66999816894531,34.66999816894531,1260783,UA
32.849998474121094,33.91320037841797,32.849998474121094,33.5,33.5,1992297,UA
32.959999084472656,33.07500076293945,31.309999465942383,31.899999618530273,31.899999618530273,1417621,UA
32.25,33.970001220703125,32.1150016784668,33.900001525878906,33.900001525878906,1570613,UA
34.595001220703125,36.11000061035156,34.58000183105469,35.90999984741211,35.90999984741211,1750614,UA
35.90999984741211,36.41999816894531,35.22010040283203,36.400001525878906,36.400001525878906,853283,UA
36.26499938964844,36.97990036010742,36.26110076904297,36.84000015258789,36.84000015258789,922536,UA
36.5,36.619998931884766,35.119998931884766,35.5099983215332,35.5099983215332,613245,UA
35.345001220703125,36.27000045776367,35.2599983215332,36.2599983215332,36.2599983215332,558256,UA
36.20000076293945,36.880001068115234,36.13999938964844,36.880001068115234,36.880001068115234,592469,UA
36.81999969482422,37.099998474121094,36.37300109863281,36.779998779296875,36.779998779296875,700295,UA
36.869998931884766,36.95500183105469,36.38999938964844,36.56999969482422,36.56999969482422,547215,UA
36.619998931884766,38.06999969482422,36.619998931884766,37.869998931884766,37.869998931884766,1145476,UA
37.61000061035156,38.0,36.93299865722656,37.220001220703125,37.220001220703125,956793,UA
37.380001068115234,37.65999984741211,36.86000061035156,37.02000045776367,37.02000045776367,862302,UA
37.130001068115234,37.39500045776367,36.97999954223633,37.22999954223633,37.22999954223633,872239,UA
37.220001220703125,37.5,37.14500045776367,37.20000076293945,37.20000076293945,472422,UA
36.90999984741211,37.31840133666992,36.810001373291016,36.95000076293945,36.95000076293945,752065,UA
37.16999816894531,37.27000045776367,36.70000076293945,36.790000915527344,36.790000915527344,1092535,UA
36.540000915527344,37.439998626708984,36.540000915527344,37.27000045776367,37.27000045776367,621696,UA
37.02000045776367,37.66999816894531,36.79999923706055,37.47999954223633,37.47999954223633,564229,UA
37.400001525878906,38.779998779296875,36.91999816894531,38.779998779296875,38.779998779296875,1865516,UA
38.43000030517578,39.41999816894531,36.5099983215332,37.5,37.5,3664292,UA
37.5,37.52000045776367,35.43000030517578,35.93000030517578,35.93000030517578,1135565,UA
35.72999954223633,36.04999923706055,35.18009948730469,35.75,35.75,577543,UA
35.38999938964844,35.88999938964844,35.13999938964844,35.70000076293945,35.70000076293945,1040839,UA
35.65999984741211,36.130001068115234,35.36000061035156,35.5,35.5,614412,UA
35.36000061035156,35.40999984741211,34.13999938964844,34.38999938964844,34.38999938964844,882696,UA
33.70000076293945,35.45000076293945,33.65999984741211,35.27000045776367,35.27000045776367,795669,UA
35.099998474121094,35.63999938964844,34.97999954223633,35.13999938964844,35.13999938964844,629520,UA
35.29999923706055,36.39500045776367,35.29999923706055,36.16999816894531,36.16999816894531,646783,UA
36.220001220703125,36.87300109863281,35.689998626708984,35.93000030517578,35.93000030517578,514122,UA
35.75,36.2599983215332,35.470001220703125,35.56999969482422,35.56999969482422,568616,UA
35.88999938964844,36.38999938964844,35.380001068115234,35.43000030517578,35.43000030517578,491077,UA
35.709999084472656,37.380001068115234,35.709999084472656,37.02000045776367,37.02000045776367,925013,UA
36.95000076293945,37.5,36.73099899291992,37.099998474121094,37.099998474121094,900174,UA
37.20000076293945,38.470001220703125,37.13999938964844,38.040000915527344,38.040000915527344,681308,UA
38.33000183105469,38.779998779296875,38.150001525878906,38.650001525878906,38.650001525878906,1134121,UA
38.5,38.61000061035156,37.720001220703125,37.91999816894531,37.91999816894531,688512,UA
37.75,38.25,37.72999954223633,37.95000076293945,37.95000076293945,468424,UA
38.119998931884766,39.08000183105469,37.970001220703125,38.7599983215332,38.7599983215332,736540,UA
38.689998626708984,42.94350051879883,38.369998931884766,38.79999923706055,38.79999923706055,745420,UA
38.79999923706055,39.45000076293945,38.7599983215332,39.279998779296875,39.279998779296875,793594,UA
39.150001525878906,39.5,38.65999984741211,38.880001068115234,38.880001068115234,790866,UA
38.900001525878906,39.13999938964844,38.029998779296875,38.2599983215332,38.2599983215332,652949,UA
38.40999984741211,38.529998779296875,37.7599983215332,38.0,38.0,585499,UA
38.02000045776367,38.461299896240234,37.70000076293945,37.900001525878906,37.900001525878906,520620,UA
37.7400016784668,37.81999969482422,37.13999938964844,37.36000061035156,37.36000061035156,633191,UA
36.849998474121094,36.95000076293945,35.560001373291016,35.650001525878906,35.650001525878906,1211708,UA
35.540000915527344,35.810001373291016,35.22999954223633,35.70000076293945,35.70000076293945,640605,UA
35.75,35.75,34.5099983215332,34.58000183105469,34.58000183105469,904905,UA
34.689998626708984,35.09000015258789,34.43000030517578,34.7599983215332,34.7599983215332,751348,UA
34.86000061035156,35.709999084472656,34.64759826660156,35.58000183105469,35.58000183105469,1029920,UA
35.22999954223633,35.77989959716797,34.89030075073242,35.04999923706055,35.04999923706055,480753,UA
34.689998626708984,34.9900016784668,34.005001068115234,34.0099983215332,34.0099983215332,731750,UA
33.86000061035156,34.86000061035156,33.76129913330078,34.79999923706055,34.79999923706055,1058864,UA
34.34000015258789,34.630001068115234,33.540000915527344,33.88999938964844,33.88999938964844,663327,UA
33.790000915527344,34.369998931884766,33.560001373291016,33.790000915527344,33.790000915527344,557953,UA
33.560001373291016,33.970001220703125,33.36000061035156,33.86000061035156,33.86000061035156,817903,UA
33.84000015258789,34.37699890136719,33.529998779296875,34.209999084472656,34.209999084472656,1048059,UA
34.29999923706055,34.41999816894531,33.75,33.83000183105469,33.83000183105469,834715,UA
33.900001525878906,34.029998779296875,33.400001525878906,33.459999084472656,33.459999084472656,755835,UA
33.61000061035156,34.439998626708984,33.400001525878906,34.29999923706055,34.29999923706055,560546,UA
34.4900016784668,34.7599983215332,34.33000183105469,34.70000076293945,34.70000076293945,500236,UA
34.7599983215332,34.935001373291016,34.25920104980469,34.279998779296875,34.279998779296875,454105,UA
34.0,34.049198150634766,33.45000076293945,33.58000183105469,33.58000183105469,462474,UA
33.45000076293945,34.0099983215332,33.15999984741211,33.970001220703125,33.970001220703125,832673,UA
34.04999923706055,34.630001068115234,33.86000061035156,34.369998931884766,34.369998931884766,977311,UA
34.22999954223633,34.68000030517578,33.66999816894531,33.68000030517578,33.68000030517578,457026,UA
33.9900016784668,34.15999984741211,33.64139938354492,33.86000061035156,33.86000061035156,814210,UA
33.630001068115234,34.13999938964844,33.47999954223633,34.04999923706055,34.04999923706055,814176,UA
33.90999984741211,34.290000915527344,33.4900016784668,33.70000076293945,33.70000076293945,957626,UA
33.709999084472656,33.9900016784668,33.34000015258789,33.380001068115234,33.380001068115234,1140184,UA
33.2400016784668,33.2599983215332,32.62799835205078,32.900001525878906,32.900001525878906,587518,UA
33.0099983215332,33.09000015258789,32.66999816894531,32.849998474121094,32.849998474121094,485301,UA
33.400001525878906,33.48899841308594,33.16999816894531,33.27000045776367,33.27000045776367,626684,UA
33.310001373291016,33.849998474121094,33.040000915527344,33.209999084472656,33.209999084472656,615770,UA
33.16999816894531,33.9900016784668,33.099998474121094,33.7599983215332,33.7599983215332,720596,UA
33.22999954223633,33.459999084472656,32.779998779296875,33.38999938964844,33.38999938964844,588463,UA
33.9900016784668,34.20000076293945,33.5099983215332,33.619998931884766,33.619998931884766,543863,UA
33.5,33.619998931884766,32.689998626708984,32.7599983215332,32.7599983215332,387916,UA
33.16999816894531,33.45000076293945,32.9900016784668,33.310001373291016,33.310001373291016,516782,UA
33.34000015258789,34.15999984741211,33.34000015258789,34.02000045776367,34.02000045776367,598530,UA
33.83000183105469,33.880001068115234,33.290000915527344,33.41999816894531,33.41999816894531,925543,UA
33.150001525878906,33.22999954223633,32.779998779296875,32.959999084472656,32.959999084472656,870825,UA
33.119998931884766,33.400001525878906,32.745201110839844,32.900001525878906,32.900001525878906,726299,UA
28.09000015258789,28.739999771118164,27.57990074157715,28.3700008392334,28.3700008392334,6816045,UA
28.280000686645508,28.3700008392334,27.420000076293945,27.459999084472656,27.459999084472656,6654762,UA
27.639999389648438,27.690000534057617,25.959999084472656,26.489999771118164,26.489999771118164,3365416,UA
26.639999389648438,26.719999313354492,25.90999984741211,25.90999984741211,25.90999984741211,2192129,UA
25.889999389648438,26.139999389648438,25.530000686645508,25.860000610351562,25.860000610351562,1483557,UA
26.010000228881836,26.098400115966797,25.020000457763672,25.510000228881836,25.510000228881836,1917801,UA
25.360000610351562,26.09000015258789,25.180099487304688,25.350000381469727,25.350000381469727,1637801,UA
25.309999465942383,25.700000762939453,24.93000030517578,25.299999237060547,25.299999237060547,1557421,UA
25.219999313354492,25.649999618530273,25.219999313354492,25.610000610351562,25.610000610351562,1293341,UA
25.979999542236328,26.149999618530273,25.81999969482422,25.940000534057617,25.940000534057617,1151279,UA
25.979999542236328,26.1200008392334,25.690000534057617,26.09000015258789,26.09000015258789,764567,UA
25.110000610351562,26.149999618530273,24.6299991607666,25.899999618530273,25.899999618530273,1353072,UA
26.079999923706055,26.729999542236328,25.610000610351562,25.610000610351562,25.610000610351562,860885,UA
25.639999389648438,26.1299991607666,25.450000762939453,25.610000610351562,25.610000610351562,938829,UA
25.729999542236328,25.850000381469727,24.829999923706055,24.8799991607666,24.8799991607666,1067024,UA
25.010000228881836,25.56999969482422,24.799999237060547,25.360000610351562,25.360000610351562,1148414,UA
25.280000686645508,25.420000076293945,24.979999542236328,25.31999969482422,25.31999969482422,1324180,UA
25.479999542236328,25.489999771118164,24.829999923706055,25.270000457763672,25.270000457763672,803381,UA
25.229999542236328,25.229999542236328,23.565000534057617,23.75,23.75,1805063,UA
23.84000015258789,24.179000854492188,23.799999237060547,23.799999237060547,23.799999237060547,1138437,UA
23.93000030517578,24.09000015258789,23.510000228881836,24.010000228881836,24.010000228881836,1845647,UA
24.190000534057617,24.229999542236328,23.721200942993164,23.93000030517578,23.93000030517578,1308133,UA
24.100000381469727,24.239999771118164,23.809999465942383,24.139999389648438,24.139999389648438,479124,UA
25.040000915527344,26.6299991607666,24.760000228881836,26.290000915527344,26.290000915527344,7457436,UA
26.770000457763672,26.940000534057617,25.639999389648438,25.860000610351562,25.860000610351562,3222311,UA
25.81999969482422,26.219999313354492,25.65999984741211,25.780000686645508,25.780000686645508,2199829,UA
25.979999542236328,26.520000457763672,25.139999389648438,25.200000762939453,25.200000762939453,1568197,UA
25.299999237060547,25.31999969482422,24.579999923706055,24.770000457763672,24.770000457763672,1736134,UA
24.969999313354492,25.3700008392334,24.900100708007812,25.059999465942383,25.059999465942383,1712967,UA
25.450000762939453,25.520000457763672,25.010000228881836,25.40999984741211,25.40999984741211,1202357,UA
26.649999618530273,27.280000686645508,26.020000457763672,27.030000686645508,27.030000686645508,6521858,UA
28.100000381469727,28.850000381469727,27.440000534057617,28.81999969482422,28.81999969482422,6932595,UA
29.40999984741211,29.530000686645508,28.280000686645508,28.809999465942383,28.809999465942383,4014148,UA
28.899999618530273,29.059999465942383,27.5,27.610000610351562,27.610000610351562,3196994,UA
27.700000762939453,27.979999542236328,27.170000076293945,27.34000015258789,27.34000015258789,2908443,UA
27.3700008392334,27.399999618530273,26.440000534057617,26.56999969482422,26.56999969482422,2829072,UA
26.790000915527344,26.790000915527344,25.5,25.799999237060547,25.799999237060547,3918687,UA
25.889999389648438,26.15999984741211,25.450000762939453,25.479999542236328,25.479999542236328,2964252,UA
25.739999771118164,25.799999237060547,25.260000228881836,25.3700008392334,25.3700008392334,2732523,UA
25.479999542236328,25.920000076293945,25.469999313354492,25.690000534057617,25.690000534057617,3067687,UA
25.959999084472656,26.110000610351562,25.479999542236328,26.049999237060547,26.049999237060547,3754031,UA
26.06999969482422,26.15999984741211,25.360000610351562,25.479999542236328,25.479999542236328,2436328,UA
25.6299991607666,25.733299255371094,25.15999984741211,25.229999542236328,25.229999542236328,1443579,UA
25.229999542236328,25.5,25.110000610351562,25.18000030517578,25.18000030517578,1686047,UA
25.219999313354492,25.344999313354492,24.860000610351562,25.229999542236328,25.229999542236328,1636145,UA
25.280000686645508,25.360000610351562,25.06999969482422,25.1200008392334,25.1200008392334,1784289,UA
25.170000076293945,25.329999923706055,24.920000076293945,25.170000076293945,25.170000076293945,3574647,UA
25.489999771118164,25.850000381469727,25.25,25.760000228881836,25.760000228881836,1996889,UA
26.0,26.719999313354492,25.93000030517578,26.56999969482422,26.56999969482422,2626138,UA
26.450000762939453,26.469999313354492,26.030000686645508,26.209999084472656,26.209999084472656,2523095,UA
26.459999084472656,27.06999969482422,26.40999984741211,27.040000915527344,27.040000915527344,3766342,UA
27.469999313354492,27.530000686645508,26.844100952148438,27.020000457763672,27.020000457763672,2815278,UA
27.1200008392334,27.63520050048828,27.059999465942383,27.31999969482422,27.31999969482422,1711064,UA
27.450000762939453,27.479999542236328,26.75,26.979999542236328,26.979999542236328,1777648,UA
26.90999984741211,26.989999771118164,26.56999969482422,26.84000015258789,26.84000015258789,1295228,UA
26.790000915527344,26.920000076293945,26.118999481201172,26.5,26.5,3140155,UA
26.440000534057617,26.469999313354492,25.969999313354492,26.200000762939453,26.200000762939453,2421022,UA
26.229999542236328,26.25,25.25,25.350000381469727,25.350000381469727,2692101,UA
25.600000381469727,25.739999771118164,24.899999618530273,25.260000228881836,25.260000228881836,3873137,UA
25.479999542236328,25.540000915527344,24.899999618530273,25.15999984741211,25.15999984741211,3215910,UA
25.190000534057617,25.190000534057617,24.5,24.959999084472656,24.959999084472656,3061834,UA
25.0,25.209999084472656,24.90999984741211,25.1200008392334,25.1200008392334,2384133,UA
25.440000534057617,25.780000686645508,25.399999618530273,25.690000534057617,25.690000534057617,2130101,UA
25.780000686645508,26.25,25.360000610351562,25.5,25.5,1402339,UA
25.5,25.639999389648438,25.100000381469727,25.520000457763672,25.520000457763672,1902504,UA
25.559999465942383,25.59000015258789,24.82469940185547,25.09000015258789,25.09000015258789,3272822,UA
18.780000686645508,20.079999923706055,18.520000457763672,19.219999313354492,19.219999313354492,56995152,UA
19.5,19.559999465942383,18.760000228881836,18.799999237060547,18.799999237060547,14794788,UA
18.809999465942383,18.809999465942383,18.049999237060547,18.1200008392334,18.1200008392334,12619956,UA
18.25,18.299999237060547,18.020000457763672,18.190000534057617,18.190000534057617,6405819,UA
18.309999465942383,18.399999618530273,18.100000381469727,18.139999389648438,18.139999389648438,5215603,UA
18.139999389648438,18.280000686645508,17.770000457763672,17.790000915527344,17.790000915527344,7798742,UA
17.799999237060547,18.440000534057617,17.799999237060547,18.299999237060547,18.299999237060547,6757277,UA
18.350000381469727,19.329999923706055,18.329999923706055,19.299999237060547,19.299999237060547,9276109,UA
19.559999465942383,19.559999465942383,18.860000610351562,19.040000915527344,19.040000915527344,6248292,UA
19.25,19.26219940185547,18.530000686645508,18.649999618530273,18.649999618530273,4709131,UA
18.860000610351562,19.479999542236328,18.850000381469727,19.40999984741211,19.40999984741211,6272411,UA
19.350000381469727,19.90999984741211,19.15999984741211,19.860000610351562,19.860000610351562,7105346,UA
19.940000534057617,19.979999542236328,19.450000762939453,19.6299991607666,19.6299991607666,4232236,UA
19.600000381469727,19.895000457763672,19.5,19.75,19.75,4778500,UA
19.809999465942383,19.90999984741211,19.600000381469727,19.690000534057617,19.690000534057617,2712461,UA
19.770000457763672,20.229999542236328,19.56999969482422,19.780000686645508,19.780000686645508,3964341,UA
19.8700008392334,19.8700008392334,19.56999969482422,19.639999389648438,19.639999389648438,3442002,UA
19.549999237060547,19.8799991607666,19.295000076293945,19.829999923706055,19.829999923706055,3527261,UA
19.450000762939453,19.520000457763672,19.18000030517578,19.280000686645508,19.280000686645508,4606649,UA
19.280000686645508,19.350000381469727,18.5,18.559999465942383,18.559999465942383,4603656,UA
18.75,18.799999237060547,18.420000076293945,18.579999923706055,18.579999923706055,3991225,UA
18.579999923706055,19.030000686645508,18.540000915527344,18.959999084472656,18.959999084472656,2784994,UA
18.979999542236328,19.024099349975586,18.52899932861328,18.639999389648438,18.639999389648438,2660460,UA
18.6200008392334,18.639999389648438,18.200000762939453,18.309999465942383,18.309999465942383,3002323,UA
18.25,18.270000457763672,17.81999969482422,18.110000610351562,18.110000610351562,4527291,UA
18.100000381469727,18.149999618530273,17.735000610351562,17.75,17.75,3671815,UA
17.75,17.760000228881836,17.3700008392334,17.690000534057617,17.690000534057617,4011954,UA
17.75,18.238300323486328,17.694700241088867,17.75,17.75,3194253,UA
17.809999465942383,17.8799991607666,17.510000228881836,17.559999465942383,17.559999465942383,3275631,UA
17.5,17.704999923706055,17.399999618530273,17.6200008392334,17.6200008392334,2771116,UA
17.670000076293945,17.959999084472656,17.520000457763672,17.829999923706055,17.829999923706055,2212946,UA
17.829999923706055,18.33989906311035,17.670000076293945,18.170000076293945,18.170000076293945,2747985,UA
18.270000457763672,18.290000915527344,17.90999984741211,18.079999923706055,18.079999923706055,3867386,UA
18.079999923706055,18.280000686645508,17.8799991607666,18.260000228881836,18.260000228881836,2101693,UA
18.15999984741211,18.209999084472656,17.270000457763672,17.520000457763672,17.520000457763672,4760830,UA
17.239999771118164,17.530000686645508,17.049999237060547,17.510000228881836,17.510000228881836,3975465,UA
17.469999313354492,17.75,17.350000381469727,17.440000534057617,17.440000534057617,2245096,UA
18.1299991607666,18.524999618530273,17.979799270629883,18.15999984741211,18.15999984741211,6698222,UA
18.059999465942383,18.520000457763672,17.94499969482422,18.299999237060547,18.299999237060547,3656977,UA
18.360000610351562,18.56999969482422,18.25,18.489999771118164,18.489999771118164,2665144,UA
18.43000030517578,19.049999237060547,18.30500030517578,18.84000015258789,18.84000015258789,4788240,UA
18.6299991607666,18.739999771118164,18.34000015258789,18.3700008392334,18.3700008392334,3347198,UA
18.399999618530273,18.559999465942383,18.229999542236328,18.299999237060547,18.299999237060547,2765895,UA
18.610000610351562,18.6299991607666,18.010000228881836,18.350000381469727,18.350000381469727,6416068,UA
18.219999313354492,18.25,17.8799991607666,18.020000457763672,18.020000457763672,4668607,UA
18.079999923706055,19.079999923706055,18.020000457763672,18.559999465942383,18.559999465942383,7405641,UA
18.719999313354492,19.3799991607666,18.600000381469727,19.040000915527344,19.040000915527344,5056812,UA
18.899999618530273,18.940000534057617,18.329999923706055,18.43000030517578,18.43000030517578,4060566,UA
18.420000076293945,18.450000762939453,17.959999084472656,18.190000534057617,18.190000534057617,3624359,UA
18.190000534057617,18.219999313354492,17.770000457763672,18.040000915527344,18.040000915527344,2568013,UA
17.989999771118164,18.094999313354492,17.799999237060547,17.860000610351562,17.860000610351562,1984711,UA
17.860000610351562,17.920000076293945,17.690000534057617,17.760000228881836,17.760000228881836,1943448,UA
17.809999465942383,17.829999923706055,17.530000686645508,17.790000915527344,17.790000915527344,2744410,UA
17.729999542236328,17.799999237060547,17.6200008392334,17.760000228881836,17.760000228881836,1405236,UA
17.809999465942383,18.100000381469727,17.690000534057617,17.93000030517578,17.93000030517578,1906277,UA
17.969999313354492,18.174999237060547,17.799999237060547,18.110000610351562,18.110000610351562,2519747,UA
18.100000381469727,18.1200008392334,17.520000457763672,17.530000686645508,17.530000686645508,4005865,UA
17.760000228881836,17.959999084472656,17.459999084472656,17.93000030517578,17.93000030517578,4068314,UA
17.959999084472656,18.139999389648438,17.829999923706055,17.969999313354492,17.969999313354492,2877427,UA
18.049999237060547,18.385000228881836,17.969999313354492,18.139999389648438,18.139999389648438,5077131,UA
19.1200008392334,20.0,19.0,19.81999969482422,19.81999969482422,15164886,UA
19.700000762939453,19.75,19.350000381469727,19.40999984741211,19.40999984741211,4129637,UA
19.389999389648438,19.399999618530273,18.889999389648438,19.020000457763672,19.020000457763672,4012458,UA
19.229999542236328,19.229999542236328,18.579999923706055,18.729999542236328,18.729999542236328,4382863,UA
18.799999237060547,18.799999237060547,18.420000076293945,18.690000534057617,18.690000534057617,3461832,UA
18.579999923706055,18.885000228881836,18.420000076293945,18.809999465942383,18.809999465942383,3109859,UA
18.920000076293945,19.100000381469727,18.780000686645508,19.09000015258789,19.09000015258789,3038879,UA
19.09000015258789,19.280000686645508,18.860000610351562,19.1200008392334,19.1200008392334,3728443,UA
19.110000610351562,19.959999084472656,19.104999542236328,19.809999465942383,19.809999465942383,3111784,UA
19.860000610351562,19.940000534057617,19.610000610351562,19.649999618530273,19.649999618530273,2324568,UA
19.75,19.799999237060547,19.0,19.450000762939453,19.450000762939453,3582521,UA
19.260000228881836,19.3799991607666,18.81999969482422,18.899999618530273,18.899999618530273,3019314,UA
18.899999618530273,19.190000534057617,18.600000381469727,18.649999618530273,18.649999618530273,4379473,UA
18.5,18.520000457763672,17.93000030517578,17.969999313354492,17.969999313354492,6211298,UA
17.889999389648438,18.020000457763672,17.610000610351562,17.700000762939453,17.700000762939453,4447781,UA
17.700000762939453,17.8700008392334,17.40999984741211,17.6299991607666,17.6299991607666,3021928,UA
17.579999923706055,17.920000076293945,17.21269989013672,17.860000610351562,17.860000610351562,4110457,UA
17.860000610351562,18.17609977722168,17.770000457763672,17.920000076293945,17.920000076293945,2183795,UA
18.0,18.209999084472656,17.93000030517578,18.040000915527344,18.040000915527344,2155384,UA
18.040000915527344,18.18000030517578,17.979999542236328,18.110000610351562,18.110000610351562,2311145,UA
18.200000762939453,18.510000228881836,17.950000762939453,18.010000228881836,18.010000228881836,2372574,UA
18.049999237060547,18.219999313354492,17.860000610351562,18.06999969482422,18.06999969482422,1572225,UA
18.100000381469727,18.3700008392334,17.90999984741211,18.010000228881836,18.010000228881836,2484138,UA
18.020000457763672,18.030000686645508,17.469999313354492,17.829999923706055,17.829999923706055,3680752,UA
17.899999618530273,18.479999542236328,17.790000915527344,18.389999389648438,18.389999389648438,3322805,UA
18.549999237060547,18.934999465942383,18.469999313354492,18.719999313354492,18.719999313354492,3450548,UA
18.709999084472656,19.040000915527344,18.44099998474121,18.950000762939453,18.950000762939453,2386667,UA
18.8700008392334,19.0575008392334,18.540000915527344,18.969999313354492,18.969999313354492,2713091,UA
19.020000457763672,19.549999237060547,19.0,19.219999313354492,19.219999313354492,4888619,UA
19.309999465942383,19.940000534057617,19.280000686645508,19.600000381469727,19.600000381469727,3489996,UA
19.639999389648438,20.299999237060547,19.600000381469727,20.209999084472656,20.209999084472656,3640805,UA
20.18000030517578,21.350000381469727,20.15999984741211,21.200000762939453,21.200000762939453,5922895,UA
21.459999084472656,21.80500030517578,20.8700008392334,21.25,21.25,6620420,UA
21.25,21.25,20.739999771118164,21.09000015258789,21.09000015258789,4181360,UA
20.489999771118164,20.760000228881836,20.149999618530273,20.329999923706055,20.329999923706055,3978883,UA
20.270000457763672,20.290000915527344,19.239999771118164,19.68000030517578,19.68000030517578,4406657,UA
19.690000534057617,19.829999923706055,19.43000030517578,19.670000076293945,19.670000076293945,2350943,UA
19.65999984741211,19.670000076293945,19.0,19.010000228881836,19.010000228881836,3297307,UA
19.059999465942383,19.09000015258789,18.520000457763672,18.75,18.75,4383982,UA
18.799999237060547,19.780000686645508,18.687999725341797,19.239999771118164,19.239999771118164,2745463,UA
19.239999771118164,19.684999465942383,19.020000457763672,19.649999618530273,19.649999618530273,3008146,UA
19.649999618530273,20.075000762939453,19.59000015258789,19.920000076293945,19.920000076293945,2193109,UA
19.969999313354492,20.260000228881836,19.742000579833984,19.899999618530273,19.899999618530273,2378884,UA
20.010000228881836,20.479999542236328,19.959999084472656,20.0,20.0,2460930,UA
20.110000610351562,20.399999618530273,19.649999618530273,19.799999237060547,19.799999237060547,2721067,UA
20.030000686645508,20.329999923706055,19.889999389648438,20.15999984741211,20.15999984741211,2481299,UA
20.239999771118164,20.600000381469727,20.200000762939453,20.520000457763672,20.520000457763672,2086423,UA
20.5,20.530099868774414,20.219999313354492,20.399999618530273,20.399999618530273,1931975,UA
20.219999313354492,20.25,19.020000457763672,19.100000381469727,19.100000381469727,3785134,UA
19.100000381469727,19.40999984741211,18.8799991607666,19.219999313354492,19.219999313354492,2165292,UA
19.200000762939453,19.225799560546875,18.709999084472656,19.1299991607666,19.1299991607666,2320078,UA
19.06999969482422,19.06999969482422,18.540000915527344,18.920000076293945,18.920000076293945,2684819,UA
19.030000686645508,19.17799949645996,18.549999237060547,18.579999923706055,18.579999923706055,2674134,UA
18.639999389648438,18.959999084472656,18.600000381469727,18.6299991607666,18.6299991607666,2203052,UA
18.649999618530273,19.049999237060547,18.6299991607666,18.93000030517578,18.93000030517578,2970504,UA
19.0,19.200000762939453,18.719999313354492,18.81999969482422,18.81999969482422,3057294,UA
18.75,18.98900032043457,18.40999984741211,18.68000030517578,18.68000030517578,3522868,UA
18.65999984741211,19.014999389648438,18.65999984741211,18.90999984741211,18.90999984741211,1795799,UA
19.0,19.392200469970703,18.986400604248047,19.049999237060547,19.049999237060547,1883694,UA
18.979999542236328,19.200000762939453,18.575000762939453,18.84000015258789,18.84000015258789,3767734,UA
18.600000381469727,18.760000228881836,18.229999542236328,18.260000228881836,18.260000228881836,8229995,UA
18.06999969482422,18.399999618530273,18.049999237060547,18.1200008392334,18.1200008392334,4282915,UA
18.170000076293945,18.260000228881836,17.459999084472656,17.549999237060547,17.549999237060547,5816471,UA
17.6200008392334,17.700000762939453,17.170000076293945,17.3700008392334,17.3700008392334,5227021,UA
17.360000610351562,17.473800659179688,17.209999084472656,17.360000610351562,17.360000610351562,2997104,UA
17.3799991607666,18.5,17.3799991607666,18.110000610351562,18.110000610351562,6834743,UA
17.010000228881836,17.190000534057617,16.149999618530273,16.229999542236328,16.229999542236328,23217686,UA
16.190000534057617,16.476600646972656,16.020000457763672,16.469999313354492,16.469999313354492,6116906,UA
16.469999313354492,16.639999389648438,16.260000228881836,16.34000015258789,16.34000015258789,5188554,UA
16.459999084472656,16.75,16.43000030517578,16.610000610351562,16.610000610351562,4049052,UA
16.600000381469727,16.700000762939453,16.43000030517578,16.6299991607666,16.6299991607666,2948004,UA
16.709999084472656,17.290000915527344,16.708999633789062,17.209999084472656,17.209999084472656,4376508,UA
17.020000457763672,17.420000076293945,17.020000457763672,17.170000076293945,17.170000076293945,2379727,UA
16.959999084472656,17.0,16.649999618530273,16.81999969482422,16.81999969482422,3543586,UA
16.709999084472656,17.0,16.690000534057617,16.799999237060547,16.799999237060547,1951039,UA
16.860000610351562,17.1299991607666,16.84000015258789,17.110000610351562,17.110000610351562,2569540,UA
16.700000762939453,16.854999542236328,16.350000381469727,16.65999984741211,16.65999984741211,6951169,UA
16.719999313354492,16.895000457763672,16.65999984741211,16.68000030517578,16.68000030517578,2562487,UA
16.600000381469727,16.698999404907227,16.280000686645508,16.280000686645508,16.280000686645508,3775028,UA
16.030000686645508,16.100000381469727,15.539999961853027,15.640000343322754,15.640000343322754,5382048,UA
15.600000381469727,15.614999771118164,15.100000381469727,15.149999618530273,15.149999618530273,5896412,UA
15.199999809265137,15.484800338745117,15.119999885559082,15.420000076293945,15.420000076293945,2868456,UA
15.34000015258789,15.640000343322754,15.34000015258789,15.550000190734863,15.550000190734863,1857176,UA
15.65999984741211,15.930000305175781,15.560999870300293,15.729999542236328,15.729999542236328,2352759,UA
15.829999923706055,15.960000038146973,15.739999771118164,15.9399995803833,15.9399995803833,2344912,UA
15.899999618530273,15.9399995803833,15.710000038146973,15.779999732971191,15.779999732971191,2056065,UA
15.5,15.600000381469727,15.050000190734863,15.34000015258789,15.34000015258789,4402129,UA
15.350000381469727,15.449999809265137,15.149999618530273,15.180000305175781,15.180000305175781,3783934,UA
15.210000038146973,15.319999694824219,15.085000038146973,15.100000381469727,15.100000381469727,3602210,UA
15.229999542236328,15.510000228881836,14.979999542236328,15.390000343322754,15.390000343322754,0,UA
15.260000228881836,15.8100004196167,15.210000038146973,15.619999885559082,15.619999885559082,2707232,UA
15.680000305175781,15.960000038146973,15.680000305175781,15.800000190734863,15.800000190734863,2413618,UA
15.859999656677246,16.020000457763672,15.830100059509277,15.979999542236328,15.979999542236328,2819302,UA
15.979999542236328,16.299999237060547,15.914999961853027,16.1200008392334,16.1200008392334,2234235,UA
16.270000457763672,16.489999771118164,16.149999618530273,16.34000015258789,16.34000015258789,2825140,UA
16.190000534057617,16.260000228881836,15.8149995803833,16.25,16.25,3149171,UA
16.290000915527344,16.889999389648438,16.139999389648438,16.8700008392334,16.8700008392334,3903776,UA
16.850000381469727,16.8799991607666,16.290000915527344,16.520000457763672,16.520000457763672,3727761,UA
16.479999542236328,16.549999237060547,16.325000762939453,16.459999084472656,16.459999084472656,3216932,UA
16.479999542236328,16.579999923706055,16.059999465942383,16.139999389648438,16.139999389648438,2505788,UA
15.869999885559082,15.930000305175781,15.579999923706055,15.699999809265137,15.699999809265137,4988164,UA
15.699999809265137,15.699999809265137,15.095000267028809,15.239999771118164,15.239999771118164,4557487,UA
15.270000457763672,15.270000457763672,15.079999923706055,15.130000114440918,15.130000114440918,2583645,UA
15.0600004196167,15.279899597167969,15.031000137329102,15.039999961853027,15.039999961853027,2378142,UA
15.170000076293945,15.649999618530273,15.170000076293945,15.390000343322754,15.390000343322754,3478162,UA
15.449999809265137,15.520000457763672,15.100000381469727,15.140000343322754,15.140000343322754,3561380,UA
15.119999885559082,15.140000343322754,14.800000190734863,15.0600004196167,15.0600004196167,5093464,UA
15.029999732971191,15.149999618530273,14.949999809265137,15.069999694824219,15.069999694824219,2509797,UA
15.09000015258789,15.170000076293945,14.960000038146973,15.020000457763672,15.020000457763672,4255817,UA
15.069999694824219,15.09000015258789,14.829999923706055,15.079999923706055,15.079999923706055,3161560,UA
15.100000381469727,15.34000015258789,15.029999732971191,15.260000228881836,15.260000228881836,2527489,UA
15.25,15.375,15.020000457763672,15.029999732971191,15.029999732971191,2798281,UA
15.050000190734863,15.1899995803833,14.84000015258789,15.029999732971191,15.029999732971191,3146738,UA
15.0,15.600000381469727,15.0,15.460000038146973,15.460000038146973,4305124,UA
15.449999809265137,15.479999542236328,15.069999694824219,15.300000190734863,15.300000190734863,2691869,UA
15.380000114440918,15.6899995803833,15.3100004196167,15.510000228881836,15.510000228881836,2340288,UA
15.449999809265137,15.449999809265137,15.100000381469727,15.149999618530273,15.149999618530273,2485328,UA
15.050000190734863,15.255000114440918,14.880000114440918,15.220000267028809,15.220000267028809,2797286,UA
15.220000267028809,15.345000267028809,14.850000381469727,14.949999809265137,14.949999809265137,3972222,UA
14.850000381469727,15.109999656677246,14.846199989318848,14.979999542236328,14.979999542236328,2416536,UA
14.970000267028809,15.180000305175781,14.850000381469727,15.109999656677246,15.109999656677246,2169173,UA
15.130000114440918,15.210000038146973,14.9399995803833,14.979999542236328,14.979999542236328,2482887,UA
14.920000076293945,15.149999618530273,14.899999618530273,15.020000457763672,15.020000457763672,2141529,UA
15.119999885559082,16.020000457763672,15.109999656677246,15.90999984741211,15.90999984741211,6757945,UA
15.8100004196167,15.9399995803833,15.1899995803833,15.220000267028809,15.220000267028809,5164705,UA
15.270000457763672,15.270000457763672,14.770000457763672,14.829999923706055,14.829999923706055,5480882,UA
14.789999961853027,14.84000015258789,14.289999961853027,14.649999618530273,14.649999618530273,5815250,UA
14.600000381469727,14.824999809265137,14.420000076293945,14.649999618530273,14.649999618530273,5011956,UA
14.609999656677246,14.680000305175781,14.300000190734863,14.399999618530273,14.399999618530273,5450573,UA
14.170000076293945,14.869999885559082,14.109999656677246,14.739999771118164,14.739999771118164,8795611,UA
13.020000457763672,13.359999656677246,11.399999618530273,11.529999732971191,11.529999732971191,36954006,UA
11.460000038146973,11.819999694824219,10.90999984741211,11.289999961853027,11.289999961853027,21617457,UA
11.229999542236328,11.420000076293945,10.420000076293945,10.84000015258789,10.84000015258789,18830932,UA
10.930000305175781,10.949999809265137,10.539999961853027,10.59000015258789,10.59000015258789,8896391,UA
10.5,11.029999732971191,10.359999656677246,10.970000267028809,10.970000267028809,8861715,UA
11.100000381469727,11.220000267028809,10.670000076293945,10.739999771118164,10.739999771118164,7914227,UA
10.729999542236328,10.869999885559082,10.524999618530273,10.829999923706055,10.829999923706055,5559942,UA
10.859999656677246,11.239999771118164,10.729999542236328,10.989999771118164,10.989999771118164,8036493,UA
11.010000228881836,11.399999618530273,10.949999809265137,11.369999885559082,11.369999885559082,7664588,UA
11.350000381469727,11.520000457763672,10.90999984741211,10.949999809265137,10.949999809265137,7020187,UA
10.949999809265137,11.0600004196167,10.739999771118164,10.920000076293945,10.920000076293945,3580082,UA
10.800000190734863,11.34000015258789,10.699999809265137,11.109999656677246,11.109999656677246,4807233,UA
11.109999656677246,11.300000190734863,10.890000343322754,11.279999732971191,11.279999732971191,3843718,UA
11.5,11.880000114440918,11.380000114440918,11.729999542236328,11.729999542236328,7986386,UA
11.75,12.079999923706055,11.720000267028809,12.069999694824219,12.069999694824219,6060219,UA
12.100000381469727,12.170000076293945,11.3100004196167,11.359999656677246,11.359999656677246,10578514,UA
11.34000015258789,11.774999618530273,11.244999885559082,11.670000076293945,11.670000076293945,3864491,UA
11.710000038146973,11.75,11.529999732971191,11.59000015258789,11.59000015258789,2187890,UA
11.619999885559082,11.720000267028809,11.270000457763672,11.350000381469727,11.350000381469727,3453577,UA
11.350000381469727,11.5600004196167,11.25,11.510000228881836,11.510000228881836,2703977,UA
11.569999694824219,12.25,11.5600004196167,12.180000305175781,12.180000305175781,5618725,UA
12.180000305175781,12.420000076293945,11.84000015258789,11.930000305175781,11.930000305175781,4329924,UA
11.899999618530273,11.904999732971191,11.529999732971191,11.729999542236328,11.729999542236328,4208102,UA
11.850000381469727,12.09000015258789,11.84000015258789,11.979999542236328,11.979999542236328,3458177,UA
12.020000457763672,12.079999923706055,11.662500381469727,11.720000267028809,11.720000267028809,3007107,UA
11.649999618530273,11.710000038146973,11.368000030517578,11.550000190734863,11.550000190734863,3520601,UA
11.569999694824219,12.0,11.5600004196167,11.930000305175781,11.930000305175781,3205451,UA
11.949999809265137,12.289999961853027,11.779999732971191,12.1899995803833,12.1899995803833,3885305,UA
12.199999809265137,12.227700233459473,11.930000305175781,12.180000305175781,12.180000305175781,3250706,UA
12.180000305175781,12.420000076293945,12.079999923706055,12.380000114440918,12.380000114440918,3510211,UA
12.4399995803833,12.479999542236328,12.199999809265137,12.359999656677246,12.359999656677246,2793215,UA
12.380000114440918,12.545000076293945,12.210000038146973,12.449999809265137,12.449999809265137,2654281,UA
12.829999923706055,13.930000305175781,12.800000190734863,13.619999885559082,13.619999885559082,18509445,UA
13.90999984741211,14.329999923706055,13.40999984741211,14.239999771118164,14.239999771118164,10300791,UA
14.300000190734863,14.359999656677246,14.0,14.100000381469727,14.100000381469727,4616945,UA
14.039999961853027,14.140000343322754,13.585000038146973,13.720000267028809,13.720000267028809,5351996,UA
13.770000457763672,13.970000267028809,13.59000015258789,13.949999809265137,13.949999809265137,6676904,UA
13.8100004196167,13.920000076293945,13.465299606323242,13.800000190734863,13.800000190734863,6300618,UA
13.729999542236328,14.100000381469727,13.65999984741211,14.069999694824219,14.069999694824219,3032604,UA
14.100000381469727,14.560999870300293,14.050000190734863,14.229999542236328,14.229999542236328,5030027,UA
14.220000267028809,14.270000457763672,14.0,14.140000343322754,14.140000343322754,4597333,UA
14.069999694824219,14.140000343322754,13.294599533081055,13.319999694824219,13.319999694824219,6684072,UA
13.449999809265137,14.010000228881836,13.229999542236328,13.970000267028809,13.970000267028809,6264809,UA
13.970000267028809,14.470000267028809,13.970000267028809,14.399999618530273,14.399999618530273,4839585,UA
14.4399995803833,14.789999961853027,14.279999732971191,14.75,14.75,6026551,UA
14.75,15.6899995803833,14.710000038146973,14.729999542236328,14.729999542236328,9431345,UA
14.6899995803833,15.138999938964844,14.640000343322754,14.779999732971191,14.779999732971191,4838135,UA
14.15999984741211,14.619999885559082,13.970000267028809,14.100000381469727,14.100000381469727,8791364,UA
13.850000381469727,14.050000190734863,13.670000076293945,13.9399995803833,13.9399995803833,5960052,UA
13.949999809265137,14.489999771118164,13.819999694824219,14.130000114440918,14.130000114440918,6438818,UA
14.210000038146973,14.390000343322754,13.899999618530273,14.140000343322754,14.140000343322754,4573854,UA
13.739999771118164,13.880000114440918,12.300000190734863,12.479999542236328,12.479999542236328,14256780,UA
12.569999694824219,12.65999984741211,12.270000457763672,12.390000343322754,12.390000343322754,7005987,UA
12.329999923706055,12.390000343322754,12.15999984741211,12.369999885559082,12.369999885559082,6691103,UA
12.399999618530273,12.979999542236328,12.39680004119873,12.850000381469727,12.850000381469727,6101584,UA
12.850000381469727,13.279999732971191,12.670000076293945,13.279999732971191,13.279999732971191,4735057,UA
13.359999656677246,13.75,13.289999961853027,13.59000015258789,13.59000015258789,4143943,UA
13.609999656677246,13.760000228881836,13.229999542236328,13.609999656677246,13.609999656677246,3964507,UA
13.729999542236328,13.729999542236328,13.140000343322754,13.3100004196167,13.3100004196167,3314927,UA
13.300000190734863,13.420000076293945,13.149999618530273,13.270000457763672,13.270000457763672,2584562,UA
13.149999618530273,13.414999961853027,13.149999618530273,13.180000305175781,13.180000305175781,3546154,UA
13.079999923706055,13.199999809265137,12.76990032196045,12.989999771118164,12.989999771118164,3013993,UA
13.020000457763672,13.050000190734863,12.75,12.850000381469727,12.850000381469727,3172929,UA
12.670000076293945,12.90999984741211,12.510000228881836,12.699999809265137,12.699999809265137,2924631,UA
12.640000343322754,12.765000343322754,12.300000190734863,12.40999984741211,12.40999984741211,2607829,UA
12.25,12.539999961853027,11.859999656677246,11.869999885559082,11.869999885559082,3088130,UA
11.649999618530273,12.119999885559082,11.40999984741211,12.050000190734863,12.050000190734863,6084580,UA
12.079999923706055,12.529999732971191,12.050000190734863,12.149999618530273,12.149999618530273,3775156,UA
12.140000343322754,12.25,11.699999809265137,11.949999809265137,11.949999809265137,3267739,UA
12.079999923706055,12.630000114440918,11.920000076293945,12.460000038146973,12.460000038146973,5646164,UA
12.609999656677246,13.430000305175781,12.600000381469727,13.180000305175781,13.180000305175781,8042844,UA
14.550000190734863,15.649999618530273,14.489999771118164,15.289999961853027,15.289999961853027,20751087,UA
15.130000114440918,16.329999923706055,14.449999809265137,16.139999389648438,16.139999389648438,10617147,UA
16.15999984741211,16.739999771118164,15.720000267028809,16.540000915527344,16.540000915527344,8754407,UA
16.440000534057617,16.829999923706055,15.739999771118164,15.779999732971191,15.779999732971191,5414150,UA
15.699999809265137,16.135000228881836,15.34000015258789,15.40999984741211,15.40999984741211,4584866,UA
15.489999771118164,15.739999771118164,15.3100004196167,15.319999694824219,15.319999694824219,3005290,UA
15.369999885559082,15.510000228881836,14.90999984741211,14.970000267028809,14.970000267028809,2887897,UA
15.050000190734863,15.40999984741211,14.9399995803833,15.300000190734863,15.300000190734863,2209963,UA
15.319999694824219,15.59000015258789,15.220000267028809,15.420000076293945,15.420000076293945,3373585,UA
15.510000228881836,15.924799919128418,15.083900451660156,15.09000015258789,15.09000015258789,3282664,UA
15.220000267028809,15.300000190734863,14.885000228881836,15.050000190734863,15.050000190734863,3608327,UA
15.0600004196167,15.130000114440918,14.319999694824219,14.390000343322754,14.390000343322754,5492570,UA
14.199999809265137,15.295000076293945,14.020000457763672,15.229999542236328,15.229999542236328,5519901,UA
15.130000114440918,15.699999809265137,15.029999732971191,15.5600004196167,15.5600004196167,3610569,UA
15.550000190734863,15.850000381469727,15.359999656677246,15.729999542236328,15.729999542236328,4001851,UA
15.529999732971191,15.729999542236328,15.40250015258789,15.5,15.5,2661374,UA
15.569999694824219,15.640000343322754,15.199999809265137,15.289999961853027,15.289999961853027,2181357,UA
15.40999984741211,15.5,15.029999732971191,15.180000305175781,15.180000305175781,2703757,UA
15.199999809265137,15.34000015258789,15.0,15.239999771118164,15.239999771118164,3178961,UA
15.220000267028809,15.449999809265137,14.5600004196167,14.579999923706055,14.579999923706055,4461972,UA
14.59000015258789,14.720000267028809,13.800000190734863,14.020000457763672,14.020000457763672,6167374,UA
14.0600004196167,14.25,13.760000228881836,13.829999923706055,13.829999923706055,2784674,UA
13.869999885559082,14.259300231933594,13.6899995803833,14.079999923706055,14.079999923706055,4076207,UA
14.020000457763672,14.239999771118164,13.8100004196167,14.069999694824219,14.069999694824219,2932363,UA
14.119999885559082,14.25,13.914999961853027,14.010000228881836,14.010000228881836,2990119,UA
13.930000305175781,14.229999542236328,13.930000305175781,14.069999694824219,14.069999694824219,2244620,UA
13.9399995803833,14.119999885559082,13.699999809265137,13.710000038146973,13.710000038146973,2056471,UA
13.800000190734863,14.039999961853027,13.619999885559082,13.720000267028809,13.720000267028809,2514459,UA
14.0,14.520000457763672,13.65999984741211,14.460000038146973,14.460000038146973,3817806,UA
14.460000038146973,14.675000190734863,14.234999656677246,14.319999694824219,14.319999694824219,4122365,UA
14.369999885559082,14.600000381469727,14.130000114440918,14.1899995803833,14.1899995803833,2413800,UA
14.3100004196167,14.600000381469727,14.244999885559082,14.350000381469727,14.350000381469727,2458724,UA
13.989999771118164,14.15999984741211,13.84000015258789,13.989999771118164,13.989999771118164,3548753,UA
14.079999923706055,14.770000457763672,14.010000228881836,14.729999542236328,14.729999542236328,3206588,UA
14.59000015258789,15.835200309753418,14.569999694824219,15.640000343322754,15.640000343322754,6667750,UA
15.550000190734863,15.859999656677246,15.050000190734863,15.1899995803833,15.1899995803833,3424641,UA
15.100000381469727,15.220000267028809,14.59000015258789,14.75,14.75,2217519,UA
14.829999923706055,14.829999923706055,14.380000114440918,14.399999618530273,14.399999618530273,2432646,UA
14.600000381469727,14.619999885559082,14.359999656677246,14.579999923706055,14.579999923706055,1850269,UA
14.359999656677246,14.819999694824219,14.359999656677246,14.710000038146973,14.710000038146973,2044848,UA
14.729999542236328,15.0600004196167,14.619999885559082,14.989999771118164,14.989999771118164,1639663,UA
15.09000015258789,15.15999984741211,14.25,14.34000015258789,14.34000015258789,3016977,UA
14.40999984741211,14.479999542236328,14.270000457763672,14.350000381469727,14.350000381469727,1528343,UA
14.4399995803833,14.449999809265137,14.1899995803833,14.199999809265137,14.199999809265137,2680452,UA
14.229999542236328,14.369999885559082,13.979999542236328,14.020000457763672,14.020000457763672,2469366,UA
14.020000457763672,14.140000343322754,13.899999618530273,14.010000228881836,14.010000228881836,1566977,UA
13.989999771118164,14.180000305175781,13.914999961853027,13.989999771118164,13.989999771118164,1612603,UA
14.180000305175781,14.75,14.180000305175781,14.609999656677246,14.609999656677246,3520344,UA
14.680000305175781,15.170000076293945,14.600000381469727,14.8100004196167,14.8100004196167,2998860,UA
14.850000381469727,14.869999885559082,14.220000267028809,14.319999694824219,14.319999694824219,2255276,UA
14.34000015258789,14.710000038146973,14.15999984741211,14.6899995803833,14.6899995803833,1861279,UA
14.859999656677246,15.850000381469727,14.8100004196167,15.369999885559082,15.369999885559082,5480630,UA
15.369999885559082,15.720000267028809,15.149999618530273,15.350000381469727,15.350000381469727,4767829,UA
14.770000457763672,16.18000030517578,14.390000343322754,16.149999618530273,16.149999618530273,10260794,UA
15.920000076293945,16.81999969482422,15.890000343322754,16.3700008392334,16.3700008392334,6222166,UA
16.290000915527344,16.31999969482422,15.460000038146973,15.569999694824219,15.569999694824219,3518697,UA
15.550000190734863,15.789999961853027,15.239999771118164,15.729999542236328,15.729999542236328,2261433,UA
15.859999656677246,16.260000228881836,15.6899995803833,16.25,16.25,2981243,UA
16.200000762939453,16.71500015258789,16.170000076293945,16.510000228881836,16.510000228881836,3578229,UA
16.510000228881836,16.549999237060547,16.170000076293945,16.510000228881836,16.510000228881836,2289788,UA
16.540000915527344,16.719999313354492,16.3700008392334,16.639999389648438,16.639999389648438,1790970,UA
16.700000762939453,16.975000381469727,16.5,16.899999618530273,16.899999618530273,2138461,UA
16.950000762939453,16.958999633789062,16.450000762939453,16.65999984741211,16.65999984741211,1583021,UA
16.649999618530273,17.56999969482422,16.575000762939453,17.1299991607666,17.1299991607666,4646357,UA
17.209999084472656,18.520000457763672,17.149999618530273,18.309999465942383,18.309999465942383,6697363,UA
18.25,18.399999618530273,17.790000915527344,17.84000015258789,17.84000015258789,4480178,UA
17.860000610351562,18.06999969482422,17.579999923706055,18.0,18.0,2952551,UA
18.030000686645508,18.079999923706055,17.735000610351562,17.969999313354492,17.969999313354492,1497772,UA
18.040000915527344,18.15999984741211,17.760000228881836,17.809999465942383,17.809999465942383,1621047,UA
17.780000686645508,18.18000030517578,17.75,17.889999389648438,17.889999389648438,1725109,UA
17.90999984741211,18.5,17.790000915527344,18.389999389648438,18.389999389648438,2887353,UA
18.459999084472656,18.93000030517578,18.34000015258789,18.8799991607666,18.8799991607666,4151047,UA
18.649999618530273,18.850000381469727,18.304800033569336,18.56999969482422,18.56999969482422,2723064,UA
18.649999618530273,19.290000915527344,18.649999618530273,19.200000762939453,19.200000762939453,3263689,UA
19.25,19.53499984741211,18.8799991607666,18.920000076293945,18.920000076293945,3959219,UA
19.1200008392334,19.43000030517578,18.950000762939453,19.329999923706055,19.329999923706055,2977537,UA
19.520000457763672,20.600000381469727,19.420000076293945,20.469999313354492,20.469999313354492,6047989,UA
20.469999313354492,21.299999237060547,20.100000381469727,21.299999237060547,21.299999237060547,5357291,UA
21.459999084472656,22.579999923706055,21.31999969482422,22.100000381469727,22.100000381469727,9962960,UA
22.389999389648438,22.459999084472656,21.40999984741211,21.649999618530273,21.649999618530273,5458373,UA
21.56999969482422,22.399999618530273,21.3799991607666,22.399999618530273,22.399999618530273,4490046,UA
22.440000534057617,22.5,22.110000610351562,22.170000076293945,22.170000076293945,4748416,UA
22.290000915527344,22.299999237060547,21.950000762939453,22.1299991607666,22.1299991607666,3171840,UA
22.040000915527344,22.280000686645508,21.729999542236328,21.770000457763672,21.770000457763672,3294141,UA
21.790000915527344,22.1200008392334,21.40999984741211,21.729999542236328,21.729999542236328,3730286,UA
21.549999237060547,21.979999542236328,21.34000015258789,21.469999313354492,21.469999313354492,4358892,UA
21.280000686645508,21.56999969482422,20.469999313354492,21.559999465942383,21.559999465942383,3574568,UA
21.170000076293945,21.43000030517578,20.72480010986328,20.860000610351562,20.860000610351562,3272942,UA
21.06999969482422,21.43000030517578,20.860000610351562,21.360000610351562,21.360000610351562,2494607,UA
21.15999984741211,21.670000076293945,21.024999618530273,21.079999923706055,21.079999923706055,1916885,UA
21.270000457763672,21.360000610351562,20.770000457763672,20.790000915527344,20.790000915527344,3344183,UA
20.670000076293945,20.90999984741211,20.209999084472656,20.760000228881836,20.760000228881836,2945891,UA
20.790000915527344,21.290000915527344,20.6648006439209,21.079999923706055,21.079999923706055,2043328,UA
21.049999237060547,21.795000076293945,20.90999984741211,21.219999313354492,21.219999313354492,2794502,UA
21.149999618530273,21.854999542236328,21.020000457763672,21.84000015258789,21.84000015258789,3331510,UA
22.190000534057617,22.68000030517578,21.040000915527344,21.079999923706055,21.079999923706055,4638733,UA
20.950000762939453,21.360000610351562,20.540000915527344,21.149999618530273,21.149999618530273,3962936,UA
21.239999771118164,21.485000610351562,21.040000915527344,21.100000381469727,21.100000381469727,1491535,UA
21.200000762939453,21.260000228881836,20.450000762939453,20.75,20.75,1816085,UA
20.75,21.1299991607666,20.665000915527344,20.8700008392334,20.8700008392334,1268591,UA
20.969999313354492,21.030000686645508,20.31999969482422,20.799999237060547,20.799999237060547,2881076,UA
20.84000015258789,21.15999984741211,20.74410057067871,21.149999618530273,21.149999618530273,1797233,UA
20.84000015258789,21.239999771118164,20.725000381469727,20.84000015258789,20.84000015258789,1386601,UA
21.0,21.0,20.434999465942383,20.5,20.5,1925918,UA
20.530000686645508,20.719999313354492,19.875,20.229999542236328,20.229999542236328,2434976,UA
20.149999618530273,20.40999984741211,19.9950008392334,20.110000610351562,20.110000610351562,2565013,UA
20.0,20.32990074157715,19.940000534057617,20.010000228881836,20.010000228881836,2611375,UA
20.0,20.375,19.920000076293945,20.020000457763672,20.020000457763672,3865108,UA
19.920000076293945,20.34000015258789,19.719999313354492,20.190000534057617,20.190000534057617,2824669,UA
20.170000076293945,20.530000686645508,19.989999771118164,20.020000457763672,20.020000457763672,1460430,UA
20.020000457763672,20.139999389648438,19.734399795532227,19.829999923706055,19.829999923706055,1551929,UA
19.920000076293945,19.959999084472656,19.190000534057617,19.239999771118164,19.239999771118164,2735815,UA
19.09000015258789,19.760000228881836,18.860000610351562,19.739999771118164,19.739999771118164,3180594,UA
19.739999771118164,21.020000457763672,18.850000381469727,20.549999237060547,20.549999237060547,5609531,UA
20.309999465942383,20.65999984741211,18.440000534057617,19.280000686645508,19.280000686645508,4570334,UA
19.1200008392334,19.190000534057617,18.65999984741211,18.68000030517578,18.68000030517578,2421085,UA
18.81999969482422,19.145000457763672,18.558399200439453,18.739999771118164,18.739999771118164,3102941,UA
18.3799991607666,18.690000534057617,17.65999984741211,17.770000457763672,17.770000457763672,4021288,UA
17.670000076293945,18.25,17.6299991607666,18.170000076293945,18.170000076293945,2784678,UA
18.270000457763672,18.93000030517578,18.25,18.3799991607666,18.3799991607666,3051260,UA
18.280000686645508,18.479999542236328,18.106800079345703,18.3700008392334,18.3700008392334,1806622,UA
18.3799991607666,18.610000610351562,18.299999237060547,18.489999771118164,18.489999771118164,1946576,UA
18.489999771118164,18.8799991607666,18.489999771118164,18.760000228881836,18.760000228881836,1932635,UA
18.790000915527344,19.25,18.729999542236328,19.149999618530273,19.149999618530273,1913965,UA
18.979999542236328,19.270000457763672,18.950000762939453,19.139999389648438,19.139999389648438,1468704,UA
19.25,19.690000534057617,19.06999969482422,19.209999084472656,19.209999084472656,2758844,UA
19.309999465942383,20.030000686645508,19.25,19.790000915527344,19.790000915527344,2653611,UA
19.540000915527344,19.59000015258789,18.8700008392334,19.020000457763672,19.020000457763672,2345262,UA
19.15999984741211,19.34000015258789,18.940000534057617,19.219999313354492,19.219999313354492,1263006,UA
19.190000534057617,19.299999237060547,18.920000076293945,18.920000076293945,18.920000076293945,1214877,UA
18.93000030517578,19.469999313354492,18.93000030517578,19.450000762939453,19.450000762939453,2014953,UA
19.639999389648438,20.020000457763672,19.639999389648438,19.860000610351562,19.860000610351562,1832095,UA
19.850000381469727,20.239999771118164,19.68000030517578,19.81999969482422,19.81999969482422,1408776,UA
19.799999237060547,20.040000915527344,19.670000076293945,19.940000534057617,19.940000534057617,1944524,UA
19.860000610351562,19.940000534057617,19.530000686645508,19.709999084472656,19.709999084472656,2173428,UA
19.729999542236328,19.774999618530273,18.969999313354492,19.030000686645508,19.030000686645508,1958143,UA
19.0,19.3700008392334,18.850000381469727,19.290000915527344,19.290000915527344,1628962,UA
18.719999313354492,19.31999969482422,17.8700008392334,19.299999237060547,19.299999237060547,6093011,UA
19.190000534057617,19.350000381469727,18.8700008392334,19.040000915527344,19.040000915527344,2221494,UA
19.079999923706055,19.200000762939453,18.809999465942383,18.969999313354492,18.969999313354492,1896940,UA
18.920000076293945,19.420000076293945,18.920000076293945,19.309999465942383,19.309999465942383,3048984,UA
19.270000457763672,19.309999465942383,18.610000610351562,19.190000534057617,19.190000534057617,2830421,UA
19.209999084472656,19.5,19.059999465942383,19.18000030517578,19.18000030517578,1950848,UA
19.049999237060547,19.190000534057617,18.315000534057617,18.420000076293945,18.420000076293945,3230993,UA
18.5,18.899999618530273,18.440000534057617,18.719999313354492,18.719999313354492,2440834,UA
18.770000457763672,18.90999984741211,18.6299991607666,18.760000228881836,18.760000228881836,2252824,UA
18.709999084472656,18.84000015258789,18.584999084472656,18.639999389648438,18.639999389648438,1564852,UA
18.649999618530273,18.75,18.270000457763672,18.350000381469727,18.350000381469727,1374363,UA
18.3799991607666,18.389999389648438,17.43000030517578,17.739999771118164,17.739999771118164,3061892,UA
17.700000762939453,18.049999237060547,17.479999542236328,17.670000076293945,17.670000076293945,2868509,UA
17.68000030517578,17.829999923706055,17.40999984741211,17.459999084472656,17.459999084472656,3148254,UA
17.34000015258789,17.610000610351562,17.04400062561035,17.280000686645508,17.280000686645508,1974800,UA
17.440000534057617,18.450000762939453,17.440000534057617,18.149999618530273,18.149999618530273,5526402,UA
18.31999969482422,18.889999389648438,18.149999618530273,18.700000762939453,18.700000762939453,5679500,UA
18.6299991607666,18.969999313354492,18.290000915527344,18.84000015258789,18.84000015258789,2055573,UA
18.90999984741211,18.950000762939453,18.399999618530273,18.739999771118164,18.739999771118164,1772380,UA
18.649999618530273,19.459999084472656,18.540000915527344,19.270000457763672,19.270000457763672,2507625,UA
19.43000030517578,19.65999984741211,19.135900497436523,19.239999771118164,19.239999771118164,1697542,UA
19.18000030517578,19.719999313354492,19.1200008392334,19.459999084472656,19.459999084472656,2141594,UA
19.639999389648438,19.75,19.290000915527344,19.34000015258789,19.34000015258789,2227265,UA
19.3799991607666,19.3799991607666,18.469999313354492,18.520000457763672,18.520000457763672,2685246,UA
18.540000915527344,19.06999969482422,18.239999771118164,18.850000381469727,18.850000381469727,1709898,UA
18.850000381469727,18.899999618530273,18.149999618530273,18.290000915527344,18.290000915527344,1872498,UA
18.25,18.3700008392334,17.579999923706055,17.809999465942383,17.809999465942383,2212138,UA
17.75,17.889999389648438,17.350000381469727,17.68000030517578,17.68000030517578,1824751,UA
17.670000076293945,18.25,17.65999984741211,17.719999313354492,17.719999313354492,1719521,UA
17.610000610351562,17.610000610351562,16.7549991607666,16.809999465942383,16.809999465942383,3054119,UA
16.75,17.360000610351562,16.610000610351562,16.81999969482422,16.81999969482422,3959933,UA
17.139999389648438,17.360000610351562,16.8700008392334,17.270000457763672,17.270000457763672,2514048,UA
17.219999313354492,17.559999465942383,17.075000762939453,17.309999465942383,17.309999465942383,1317703,UA
17.40999984741211,17.924999237060547,17.229999542236328,17.90999984741211,17.90999984741211,2569410,UA
17.940000534057617,18.049999237060547,17.350000381469727,17.559999465942383,17.559999465942383,1292191,UA
17.43000030517578,17.700000762939453,17.014999389648438,17.139999389648438,17.139999389648438,1751337,UA
17.290000915527344,17.290000915527344,16.68000030517578,16.799999237060547,16.799999237060547,2235367,UA
16.81999969482422,17.15999984741211,16.760000228881836,17.040000915527344,17.040000915527344,1653845,UA
16.709999084472656,17.065000534057617,16.389999389648438,16.940000534057617,16.940000534057617,2386495,UA
17.0,17.219999313354492,16.719999313354492,16.739999771118164,16.739999771118164,2162752,UA
16.860000610351562,17.190000534057617,16.75,17.030000686645508,17.030000686645508,1799411,UA
16.770000457763672,16.84000015258789,15.949999809265137,16.549999237060547,16.549999237060547,3200439,UA
16.860000610351562,17.44499969482422,16.375,16.809999465942383,16.809999465942383,4068643,UA
19.84000015258789,21.06999969482422,19.15999984741211,20.969999313354492,20.969999313354492,12470894,UA
20.799999237060547,21.459999084472656,19.809999465942383,19.829999923706055,19.829999923706055,6971619,UA
19.829999923706055,21.40999984741211,19.510000228881836,21.110000610351562,21.110000610351562,4580905,UA
21.100000381469727,21.700000762939453,20.940000534057617,21.420000076293945,21.420000076293945,3477968,UA
21.940000534057617,22.229999542236328,21.360000610351562,21.459999084472656,21.459999084472656,4608609,UA
21.299999237060547,21.299999237060547,20.51099967956543,20.90999984741211,20.90999984741211,3881375,UA
20.84000015258789,20.920000076293945,20.209999084472656,20.65999984741211,20.65999984741211,2820794,UA
20.579999923706055,20.799999237060547,20.309999465942383,20.739999771118164,20.739999771118164,2708776,UA
20.510000228881836,21.219999313354492,20.450000762939453,20.739999771118164,20.739999771118164,2850065,UA
20.729999542236328,21.399999618530273,20.559999465942383,20.81999969482422,20.81999969482422,2975154,UA
20.809999465942383,21.450000762939453,20.809999465942383,21.110000610351562,21.110000610351562,3284472,UA
21.329999923706055,21.895000457763672,20.899999618530273,20.950000762939453,20.950000762939453,3026590,UA
20.670000076293945,20.899999618530273,19.829999923706055,20.899999618530273,20.899999618530273,3702723,UA
20.68000030517578,20.68000030517578,20.0049991607666,20.209999084472656,20.209999084472656,3419715,UA
20.110000610351562,20.219999313354492,19.25,19.420000076293945,19.420000076293945,3300235,UA
18.959999084472656,19.52989959716797,18.719999313354492,19.3799991607666,19.3799991607666,3298815,UA
19.670000076293945,20.170000076293945,19.639999389648438,20.030000686645508,20.030000686645508,2393589,UA
19.889999389648438,20.174999237060547,19.81999969482422,20.079999923706055,20.079999923706055,1318345,UA
20.209999084472656,20.780000686645508,20.190000534057617,20.65999984741211,20.65999984741211,2520523,UA
20.3700008392334,20.5,19.940000534057617,20.399999618530273,20.399999618530273,2608871,UA
20.579999923706055,21.834999084472656,20.489999771118164,21.56999969482422,21.56999969482422,4256893,UA
21.479999542236328,22.0,20.969999313354492,21.75,21.75,2886475,UA
22.0,22.760000228881836,21.8799991607666,22.329999923706055,22.329999923706055,4723151,UA
22.799999237060547,23.280000686645508,22.459999084472656,22.530000686645508,22.530000686645508,4191890,UA
22.5,22.808000564575195,21.729999542236328,21.969999313354492,21.969999313354492,3563049,UA
21.600000381469727,22.579999923706055,21.459999084472656,22.579999923706055,22.579999923706055,3909443,UA
22.6200008392334,22.81999969482422,21.81999969482422,22.06999969482422,22.06999969482422,4241854,UA
22.049999237060547,22.18000030517578,20.84000015258789,21.010000228881836,21.010000228881836,3520983,UA
21.260000228881836,21.405000686645508,20.59000015258789,20.8700008392334,20.8700008392334,2897427,UA
20.049999237060547,20.079999923706055,18.395000457763672,19.010000228881836,19.010000228881836,8768410,UA
18.90999984741211,19.049699783325195,17.63010025024414,17.809999465942383,17.809999465942383,7154360,UA
17.540000915527344,18.270000457763672,17.31999969482422,17.729999542236328,17.729999542236328,4256150,UA
17.489999771118164,17.8799991607666,16.90999984741211,17.020000457763672,17.020000457763672,3612104,UA
17.190000534057617,17.690000534057617,16.920000076293945,17.399999618530273,17.399999618530273,3209792,UA
17.299999237060547,17.31999969482422,16.434999465942383,16.639999389648438,16.639999389648438,3033752,UA
16.639999389648438,16.8700008392334,15.960000038146973,16.079999923706055,16.079999923706055,5253775,UA
16.239999771118164,16.360000610351562,15.329999923706055,15.40999984741211,15.40999984741211,5145255,UA
15.229999542236328,15.789999961853027,15.0600004196167,15.1899995803833,15.1899995803833,1937421,UA
15.25,16.270000457763672,15.050000190734863,16.229999542236328,16.229999542236328,2559625,UA
16.0,16.260000228881836,15.539999961853027,16.25,16.25,2270830,UA
16.25,16.479999542236328,15.90999984741211,15.989999771118164,15.989999771118164,2267444,UA
16.059999465942383,16.424999237060547,16.049999237060547,16.170000076293945,16.170000076293945,2277701,UA
15.970000267028809,16.56999969482422,15.75,16.450000762939453,16.450000762939453,2711581,UA
16.280000686645508,16.389999389648438,15.720000267028809,15.960000038146973,15.960000038146973,2282016,UA
16.209999084472656,16.7549991607666,16.209999084472656,16.600000381469727,16.600000381469727,1770539,UA
16.719999313354492,17.299999237060547,16.520000457763672,17.110000610351562,17.110000610351562,1909236,UA
17.350000381469727,17.5,17.049999237060547,17.239999771118164,17.239999771118164,1928912,UA
17.424999237060547,17.729999542236328,17.209999084472656,17.6200008392334,17.6200008392334,1829552,UA
17.200000762939453,17.700000762939453,17.0310001373291,17.549999237060547,17.549999237060547,2132060,UA
17.450000762939453,18.1299991607666,17.440000534057617,17.860000610351562,17.860000610351562,2382706,UA
17.719999313354492,18.075000762939453,17.68000030517578,17.8799991607666,17.8799991607666,1744958,UA
17.8799991607666,18.049999237060547,17.778499603271484,17.920000076293945,17.920000076293945,2286559,UA
17.950000762939453,18.200000762939453,17.760000228881836,17.770000457763672,17.770000457763672,1294040,UA
17.6200008392334,18.209999084472656,17.579999923706055,18.149999618530273,18.149999618530273,1883877,UA
18.420000076293945,18.56999969482422,18.18000030517578,18.549999237060547,18.549999237060547,2374417,UA
18.969999313354492,19.06999969482422,18.459999084472656,18.59000015258789,18.59000015258789,3254001,UA
18.610000610351562,18.739999771118164,18.309999465942383,18.399999618530273,18.399999618530273,1720408,UA
18.389999389648438,18.860000610351562,18.290000915527344,18.860000610351562,18.860000610351562,2007497,UA
18.899999618530273,19.530000686645508,18.8799991607666,19.489999771118164,19.489999771118164,2385263,UA
19.270000457763672,19.559999465942383,19.110000610351562,19.3700008392334,19.3700008392334,1864491,UA
19.31999969482422,19.399999618530273,18.844200134277344,18.93000030517578,18.93000030517578,1395832,UA
19.059999465942383,19.100000381469727,18.889999389648438,19.010000228881836,19.010000228881836,1310814,UA
19.059999465942383,19.059999465942383,18.670000076293945,18.940000534057617,18.940000534057617,2174550,UA
18.889999389648438,19.06999969482422,18.709999084472656,18.860000610351562,18.860000610351562,1288383,UA
18.829999923706055,19.010000228881836,18.799999237060547,18.93000030517578,18.93000030517578,1190832,UA
19.149999618530273,19.299999237060547,19.079999923706055,19.100000381469727,19.100000381469727,1684527,UA
19.079999923706055,19.139999389648438,18.56999969482422,18.93000030517578,18.93000030517578,1555606,UA
18.799999237060547,18.832700729370117,18.459999084472656,18.6299991607666,18.6299991607666,2127861,UA
18.6299991607666,19.049999237060547,18.6299991607666,19.040000915527344,19.040000915527344,2485591,UA
19.149999618530273,19.3700008392334,18.950000762939453,19.149999618530273,19.149999618530273,2392094,UA
18.729999542236328,20.450000762939453,18.25,20.010000228881836,20.010000228881836,10149675,UA
20.309999465942383,20.68000030517578,19.790000915527344,19.8799991607666,19.8799991607666,5238302,UA
19.65999984741211,20.059999465942383,19.559999465942383,19.780000686645508,19.780000686645508,2666988,UA
19.950000762939453,20.100000381469727,18.829999923706055,19.040000915527344,19.040000915527344,5324392,UA
18.829999923706055,19.520000457763672,18.829999923706055,19.389999389648438,19.389999389648438,4010140,UA
19.360000610351562,19.43000030517578,19.059999465942383,19.18000030517578,19.18000030517578,2189188,UA
19.280000686645508,19.636899948120117,18.8799991607666,19.40999984741211,19.40999984741211,2961650,UA
19.469999313354492,19.690000534057617,19.399999618530273,19.65999984741211,19.65999984741211,1868622,UA
19.8700008392334,20.030000686645508,19.549999237060547,19.6299991607666,19.6299991607666,2500905,UA
19.520000457763672,19.639999389648438,19.239999771118164,19.3700008392334,19.3700008392334,3626938,UA
19.469999313354492,20.19499969482422,19.3799991607666,20.079999923706055,20.079999923706055,4550839,UA
20.040000915527344,20.549999237060547,20.030000686645508,20.079999923706055,20.079999923706055,3036346,UA
20.3799991607666,20.850000381469727,20.104999542236328,20.40999984741211,20.40999984741211,2078728,UA
20.40999984741211,20.559999465942383,19.799999237060547,19.850000381469727,19.850000381469727,1717433,UA
19.93000030517578,20.010000228881836,19.760000228881836,19.829999923706055,19.829999923706055,1760534,UA
19.799999237060547,19.860000610351562,19.295000076293945,19.43000030517578,19.43000030517578,1675395,UA
19.329999923706055,19.6200008392334,19.200000762939453,19.360000610351562,19.360000610351562,1925354,UA
19.200000762939453,19.260000228881836,18.925600051879883,19.110000610351562,19.110000610351562,1576219,UA
19.190000534057617,19.719999313354492,19.149999618530273,19.690000534057617,19.690000534057617,1843775,UA
19.600000381469727,19.770000457763672,19.06999969482422,19.690000534057617,19.690000534057617,4281608,UA
19.729999542236328,19.940000534057617,19.559999465942383,19.700000762939453,19.700000762939453,2298599,UA
19.700000762939453,19.94499969482422,19.655000686645508,19.899999618530273,19.899999618530273,1420808,UA
19.969999313354492,20.229999542236328,19.739999771118164,19.799999237060547,19.799999237060547,2370457,UA
19.799999237060547,19.959999084472656,19.520000457763672,19.850000381469727,19.850000381469727,1975121,UA
19.84000015258789,20.03499984741211,19.665000915527344,19.729999542236328,19.729999542236328,1835439,UA
19.719999313354492,19.799999237060547,19.0,19.0,19.0,1739585,UA
18.979999542236328,19.309999465942383,18.92099952697754,19.280000686645508,19.280000686645508,1303952,UA
19.09000015258789,19.200000762939453,18.3799991607666,18.40999984741211,18.40999984741211,2131058,UA
18.360000610351562,18.610000610351562,18.15999984741211,18.579999923706055,18.579999923706055,1723073,UA
18.885000228881836,18.885000228881836,18.510000228881836,18.59000015258789,18.59000015258789,1421497,UA
18.6200008392334,18.760000228881836,18.43000030517578,18.719999313354492,18.719999313354492,1235213,UA
18.96500015258789,19.209999084472656,18.8700008392334,18.950000762939453,18.950000762939453,1237034,UA
19.084999084472656,19.200000762939453,18.815000534057617,18.8700008392334,18.8700008392334,1456023,UA
18.969999313354492,19.040000915527344,18.700000762939453,18.84000015258789,18.84000015258789,1375134,UA
18.780000686645508,19.09000015258789,18.690000534057617,19.030000686645508,19.030000686645508,1592574,UA
19.149999618530273,19.40999984741211,19.110000610351562,19.139999389648438,19.139999389648438,1948209,UA
19.200000762939453,19.799999237060547,19.190000534057617,19.770000457763672,19.770000457763672,1721862,UA
19.799999237060547,19.902999877929688,19.459999084472656,19.639999389648438,19.639999389648438,1474242,UA
19.559999465942383,19.586599349975586,19.31999969482422,19.5,19.5,1433994,UA
19.360000610351562,19.44540023803711,18.540000915527344,18.709999084472656,18.709999084472656,2461347,UA
19.020000457763672,19.399999618530273,18.920000076293945,19.31999969482422,19.31999969482422,1917990,UA
19.360000610351562,19.59000015258789,19.22879981994629,19.34000015258789,19.34000015258789,911011,UA
19.40999984741211,19.729999542236328,19.40999984741211,19.690000534057617,19.690000534057617,979094,UA
19.709999084472656,19.940000534057617,19.68000030517578,19.770000457763672,19.770000457763672,1537468,UA
19.790000915527344,19.84000015258789,19.450000762939453,19.5,19.5,1665865,UA
19.5,19.93000030517578,19.469999313354492,19.65999984741211,19.65999984741211,2132253,UA
19.559999465942383,19.920000076293945,19.520000457763672,19.739999771118164,19.739999771118164,2213695,UA
19.649999618530273,19.760000228881836,19.420000076293945,19.540000915527344,19.540000915527344,1431443,UA
19.639999389648438,20.040000915527344,19.604999542236328,19.940000534057617,19.940000534057617,2465218,UA
19.989999771118164,20.44070053100586,19.825000762939453,20.299999237060547,20.299999237060547,2042645,UA
20.25,20.290000915527344,19.940000534057617,20.100000381469727,20.100000381469727,2718145,UA
20.170000076293945,20.443199157714844,20.05660057067871,20.399999618530273,20.399999618530273,1477464,UA
20.440000534057617,20.690000534057617,20.43000030517578,20.559999465942383,20.559999465942383,1447447,UA
20.610000610351562,20.854999542236328,20.479999542236328,20.719999313354492,20.719999313354492,2595131,UA
20.760000228881836,20.889999389648438,19.625,19.68000030517578,19.68000030517578,4399378,UA
21.219999313354492,21.649999618530273,20.260000228881836,20.389999389648438,20.389999389648438,5326571,UA
20.40999984741211,20.469999313354492,19.899999618530273,20.239999771118164,20.239999771118164,2665295,UA
19.790000915527344,19.9552001953125,19.450000762939453,19.860000610351562,19.860000610351562,1985837,UA
19.739999771118164,19.96500015258789,19.325000762939453,19.510000228881836,19.510000228881836,2713969,UA
19.5,20.0,19.360000610351562,19.799999237060547,19.799999237060547,1987228,UA
19.770000457763672,19.774999618530273,19.239999771118164,19.610000610351562,19.610000610351562,2487049,UA
19.440000534057617,19.559999465942383,18.940000534057617,19.229999542236328,19.229999542236328,2633226,UA
18.75,18.889999389648438,18.399999618530273,18.530000686645508,18.530000686645508,2366977,UA
18.59000015258789,19.170000076293945,18.479999542236328,19.1299991607666,19.1299991607666,2240245,UA
18.979999542236328,19.174999237060547,18.850000381469727,18.950000762939453,18.950000762939453,2169439,UA
18.989999771118164,19.530000686645508,18.989999771118164,19.360000610351562,19.360000610351562,2102990,UA
20.010000228881836,20.850099563598633,19.84000015258789,20.700000762939453,20.700000762939453,6150882,UA
20.56999969482422,20.940000534057617,20.270000457763672,20.860000610351562,20.860000610351562,4049419,UA
20.889999389648438,21.170000076293945,20.59000015258789,21.15999984741211,21.15999984741211,2918022,UA
20.959999084472656,21.405000686645508,20.920000076293945,21.3700008392334,21.3700008392334,2566605,UA
21.200000762939453,21.299999237060547,20.719999313354492,20.850000381469727,20.850000381469727,3173595,UA
20.959999084472656,21.030000686645508,20.690000534057617,20.90999984741211,20.90999984741211,2009155,UA
21.020000457763672,21.34000015258789,20.959999084472656,20.959999084472656,20.959999084472656,2174070,UA
20.8700008392334,20.8700008392334,20.1299991607666,20.31999969482422,20.31999969482422,2491009,UA
20.25,20.565000534057617,20.020000457763672,20.440000534057617,20.440000534057617,1409903,UA
20.079999923706055,20.540000915527344,20.079999923706055,20.229999542236328,20.229999542236328,2097045,UA
20.149999618530273,20.829999923706055,20.100000381469727,20.719999313354492,20.719999313354492,2692038,UA
20.989999771118164,21.719999313354492,20.950000762939453,21.700000762939453,21.700000762939453,2844309,UA
21.81999969482422,22.649999618530273,21.719999313354492,22.600000381469727,22.600000381469727,2993222,UA
22.610000610351562,22.75,22.326799392700195,22.530000686645508,22.530000686645508,2102867,UA
22.690000534057617,22.940000534057617,22.56999969482422,22.889999389648438,22.889999389648438,1818924,UA
22.889999389648438,23.389999389648438,22.68000030517578,22.690000534057617,22.690000534057617,2033302,UA
22.780000686645508,23.18000030517578,22.760000228881836,23.100000381469727,23.100000381469727,1889452,UA
23.110000610351562,23.290000915527344,22.860000610351562,22.920000076293945,22.920000076293945,1270936,UA
23.200000762939453,23.649999618530273,23.149999618530273,23.489999771118164,23.489999771118164,1942402,UA
23.40999984741211,23.90999984741211,23.40999984741211,23.850000381469727,23.850000381469727,1609149,UA
23.790000915527344,23.920000076293945,23.3700008392334,23.520000457763672,23.520000457763672,1413647,UA
23.729999542236328,24.170000076293945,23.649999618530273,24.0,24.0,1943114,UA
24.040000915527344,24.100000381469727,23.65999984741211,23.75,23.75,1641950,UA
24.079999923706055,24.112499237060547,23.43000030517578,23.489999771118164,23.489999771118164,1794973,UA
23.399999618530273,23.420000076293945,22.979999542236328,23.100000381469727,23.100000381469727,2236001,UA
22.90999984741211,23.270000457763672,22.3799991607666,22.450000762939453,22.450000762939453,2410183,UA
22.450000762939453,22.68000030517578,21.799999237060547,21.860000610351562,21.860000610351562,2364916,UA
21.899999618530273,22.3700008392334,21.770000457763672,22.06999969482422,22.06999969482422,1805309,UA
21.979999542236328,22.2549991607666,21.8700008392334,22.149999618530273,22.149999618530273,1863857,UA
22.260000228881836,22.329999923706055,22.049999237060547,22.200000762939453,22.200000762939453,2381214,UA
22.579999923706055,22.719999313354492,21.93000030517578,22.06999969482422,22.06999969482422,1618219,UA
22.030000686645508,22.350000381469727,21.924999237060547,22.329999923706055,22.329999923706055,1613791,UA
22.3799991607666,22.709999084472656,22.260000228881836,22.700000762939453,22.700000762939453,1024551,UA
22.549999237060547,22.729999542236328,22.360000610351562,22.649999618530273,22.649999618530273,1155964,UA
22.530000686645508,23.190000534057617,22.510000228881836,23.1299991607666,23.1299991607666,1703324,UA
23.010000228881836,23.3700008392334,22.940000534057617,23.209999084472656,23.209999084472656,1388387,UA
23.260000228881836,23.299999237060547,22.719999313354492,23.020000457763672,23.020000457763672,1610345,UA
23.09000015258789,23.2549991607666,22.799999237060547,23.219999313354492,23.219999313354492,1113017,UA
23.309999465942383,24.18000030517578,23.309999465942383,23.979999542236328,23.979999542236328,2103318,UA
24.020000457763672,24.40999984741211,23.983299255371094,24.299999237060547,24.299999237060547,2134990,UA
24.299999237060547,24.46500015258789,24.084999084472656,24.260000228881836,24.260000228881836,2426751,UA
24.170000076293945,24.229999542236328,23.584999084472656,23.829999923706055,23.829999923706055,2470008,UA
23.780000686645508,23.96500015258789,23.6200008392334,23.90999984741211,23.90999984741211,1621587,UA
24.09000015258789,24.229999542236328,23.920000076293945,23.950000762939453,23.950000762939453,1285739,UA
24.0,24.1200008392334,23.584999084472656,23.610000610351562,23.610000610351562,975442,UA
23.850000381469727,24.170000076293945,23.549999237060547,24.15999984741211,24.15999984741211,1363029,UA
24.170000076293945,24.549999237060547,23.924999237060547,24.229999542236328,24.229999542236328,1185299,UA
24.229999542236328,24.540000915527344,24.059999465942383,24.139999389648438,24.139999389648438,1842449,UA
24.139999389648438,24.3799991607666,23.989999771118164,24.170000076293945,24.170000076293945,1189250,UA
24.18000030517578,24.450000762939453,23.93000030517578,24.389999389648438,24.389999389648438,2516009,UA
20.200000762939453,21.34000015258789,19.600000381469727,21.049999237060547,21.049999237060547,8916670,UA
21.0,21.149999618530273,20.110000610351562,20.34000015258789,20.34000015258789,4160930,UA
20.3700008392334,20.440000534057617,18.889999389648438,19.1200008392334,19.1200008392334,4653209,UA
19.0,19.520000457763672,18.8799991607666,19.190000534057617,19.190000534057617,3604236,UA
18.729999542236328,18.829999923706055,18.200000762939453,18.399999618530273,18.399999618530273,2445947,UA
18.6200008392334,19.059999465942383,18.40999984741211,18.969999313354492,18.969999313354492,2501668,UA
18.729999542236328,18.920000076293945,18.59000015258789,18.84000015258789,18.84000015258789,3022923,UA
18.979999542236328,19.010000228881836,18.549999237060547,18.799999237060547,18.799999237060547,2544132,UA
18.6200008392334,18.799999237060547,18.010000228881836,18.149999618530273,18.149999618530273,3094699,UA
18.049999237060547,18.079999923706055,17.579999923706055,17.700000762939453,17.700000762939453,1791824,UA
17.59000015258789,18.34000015258789,17.40999984741211,17.829999923706055,17.829999923706055,2785180,UA
17.43000030517578,17.469999313354492,16.959999084472656,16.959999084472656,16.959999084472656,3036066,UA
17.020000457763672,17.200000762939453,16.309999465942383,16.5,16.5,2043538,UA
16.690000534057617,16.940000534057617,16.489999771118164,16.790000915527344,16.790000915527344,1540992,UA
17.06999969482422,17.09000015258789,16.84000015258789,16.850000381469727,16.850000381469727,1526702,UA
16.719999313354492,16.899999618530273,16.450000762939453,16.739999771118164,16.739999771118164,3032865,UA
16.90999984741211,17.073299407958984,16.770000457763672,16.920000076293945,16.920000076293945,1714198,UA
17.020000457763672,17.260000228881836,16.954999923706055,17.139999389648438,17.139999389648438,2089719,UA
16.799999237060547,16.940000534057617,16.100000381469727,16.149999618530273,16.149999618530273,2766646,UA
16.360000610351562,16.479999542236328,16.190000534057617,16.309999465942383,16.309999465942383,1931248,UA
16.469999313354492,16.5,16.1200008392334,16.1200008392334,16.1200008392334,2834596,UA
16.0,16.6299991607666,15.970000267028809,16.5,16.5,1601131,UA
16.739999771118164,17.03499984741211,16.670000076293945,16.959999084472656,16.959999084472656,2099265,UA
17.1200008392334,17.25,16.899999618530273,16.920000076293945,16.920000076293945,1803051,UA
16.8700008392334,16.90999984741211,16.610000610351562,16.8799991607666,16.8799991607666,1325465,UA
16.979999542236328,17.469999313354492,16.959999084472656,17.239999771118164,17.239999771118164,1641159,UA
17.530000686645508,17.93000030517578,17.459999084472656,17.90999984741211,17.90999984741211,1615848,UA
18.030000686645508,18.18000030517578,17.600000381469727,17.780000686645508,17.780000686645508,1474511,UA
17.799999237060547,18.360000610351562,17.725000381469727,18.31999969482422,18.31999969482422,2178936,UA
18.25,18.600000381469727,18.200000762939453,18.600000381469727,18.600000381469727,1515392,UA
18.600000381469727,19.149999618530273,18.219999313354492,19.139999389648438,19.139999389648438,1854690,UA
19.270000457763672,19.375,19.030000686645508,19.229999542236328,19.229999542236328,1485949,UA
19.290000915527344,19.475200653076172,19.02199935913086,19.06999969482422,19.06999969482422,2369418,UA
18.899999618530273,19.19499969482422,18.81999969482422,19.020000457763672,19.020000457763672,1581592,UA
18.950000762939453,19.030000686645508,18.6299991607666,19.020000457763672,19.020000457763672,1290421,UA
19.040000915527344,19.09000015258789,18.610000610351562,18.889999389648438,18.889999389648438,1694803,UA
18.889999389648438,18.90999984741211,18.290000915527344,18.420000076293945,18.420000076293945,2113674,UA
18.510000228881836,18.719999313354492,17.96380043029785,17.979999542236328,17.979999542236328,2446567,UA
17.950000762939453,18.299999237060547,17.90999984741211,17.989999771118164,17.989999771118164,1049535,UA
18.15999984741211,18.166200637817383,17.469999313354492,17.65999984741211,17.65999984741211,1753469,UA
17.700000762939453,18.149999618530273,17.639999389648438,17.850000381469727,17.850000381469727,1511432,UA
17.90999984741211,18.049999237060547,17.729999542236328,17.969999313354492,17.969999313354492,995177,UA
18.0,18.260000228881836,17.719999313354492,17.790000915527344,17.790000915527344,1476731,UA
17.889999389648438,18.170000076293945,17.823999404907227,18.1299991607666,18.1299991607666,1222726,UA
18.18000030517578,18.299999237060547,17.920000076293945,18.010000228881836,18.010000228881836,1741048,UA
17.829999923706055,17.829999923706055,17.260000228881836,17.520000457763672,17.520000457763672,1931661,UA
17.489999771118164,17.520000457763672,16.959999084472656,17.5,17.5,1840668,UA
17.489999771118164,17.625,17.229999542236328,17.59000015258789,17.59000015258789,1184009,UA
17.530000686645508,17.709999084472656,17.420000076293945,17.469999313354492,17.469999313354492,1503544,UA
17.190000534057617,17.57670021057129,17.06999969482422,17.350000381469727,17.350000381469727,1150608,UA
17.549999237060547,17.90999984741211,17.469999313354492,17.75,17.75,1067320,UA
17.799999237060547,18.079999923706055,17.780000686645508,17.850000381469727,17.850000381469727,1060461,UA
18.100000381469727,18.54330062866211,18.059999465942383,18.260000228881836,18.260000228881836,1193203,UA
18.219999313354492,18.43000030517578,18.139999389648438,18.229999542236328,18.229999542236328,1311046,UA
18.239999771118164,18.5,18.110000610351562,18.459999084472656,18.459999084472656,1267777,UA
18.5,18.549999237060547,18.299999237060547,18.360000610351562,18.360000610351562,1400745,UA
18.479999542236328,18.645000457763672,18.360000610351562,18.459999084472656,18.459999084472656,1384465,UA
18.0,18.049999237060547,17.594999313354492,17.809999465942383,17.809999465942383,2472329,UA
17.899999618530273,18.18000030517578,17.889999389648438,18.170000076293945,18.170000076293945,1041645,UA
18.200000762939453,19.479999542236328,18.190000534057617,19.420000076293945,19.420000076293945,3786811,UA
19.270000457763672,19.270000457763672,18.739999771118164,19.010000228881836,19.010000228881836,1281711,UA
19.06999969482422,19.06999969482422,18.610000610351562,19.010000228881836,19.010000228881836,1952853,UA
18.829999923706055,19.3700008392334,18.75,19.059999465942383,19.059999465942383,1195902,UA
19.149999618530273,19.405000686645508,19.040000915527344,19.040000915527344,19.040000915527344,1523659,UA
19.030000686645508,19.030000686645508,18.690000534057617,18.719999313354492,18.719999313354492,1072483,UA
18.65999984741211,18.799999237060547,18.420000076293945,18.6200008392334,18.6200008392334,1146544,UA
18.5,18.549999237060547,18.274999618530273,18.5,18.5,1043258,UA
18.6200008392334,18.979999542236328,18.56999969482422,18.90999984741211,18.90999984741211,1857922,UA
16.010000228881836,16.56999969482422,15.359999656677246,15.4399995803833,15.4399995803833,18690880,UA
15.670000076293945,16.5,15.529999732971191,16.309999465942383,16.309999465942383,7890614,UA
16.440000534057617,16.6299991607666,16.18000030517578,16.510000228881836,16.510000228881836,3400043,UA
16.639999389648438,16.790000915527344,15.90999984741211,16.079999923706055,16.079999923706055,3658977,UA
16.1200008392334,16.280000686645508,15.859999656677246,15.880000114440918,15.880000114440918,2611707,UA
15.789999961853027,15.989999771118164,15.619999885559082,15.960000038146973,15.960000038146973,2506897,UA
16.0,16.109899520874023,15.550000190734863,15.579999923706055,15.579999923706055,2926194,UA
15.510000228881836,15.739999771118164,15.420000076293945,15.670000076293945,15.670000076293945,2698215,UA
15.600000381469727,15.850000381469727,15.494999885559082,15.5600004196167,15.5600004196167,1676143,UA
15.5600004196167,16.100000381469727,15.539999961853027,15.970000267028809,15.970000267028809,2986330,UA
15.970000267028809,16.059999465942383,15.680000305175781,15.720000267028809,15.720000267028809,1820730,UA
15.649999618530273,15.805000305175781,15.53499984741211,15.609999656677246,15.609999656677246,1899007,UA
15.569999694824219,15.579999923706055,15.270000457763672,15.430000305175781,15.430000305175781,2071222,UA
15.420000076293945,15.420000076293945,15.055000305175781,15.239999771118164,15.239999771118164,3285343,UA
15.300000190734863,15.670000076293945,15.270000457763672,15.65999984741211,15.65999984741211,2019057,UA
15.789999961853027,15.789999961853027,15.479999542236328,15.670000076293945,15.670000076293945,2124030,UA
15.699999809265137,16.479999542236328,15.57960033416748,16.469999313354492,16.469999313354492,4432751,UA
17.229999542236328,17.700000762939453,16.979999542236328,17.489999771118164,17.489999771118164,7471429,UA
17.5,17.559999465942383,17.15999984741211,17.299999237060547,17.299999237060547,2322545,UA
17.270000457763672,17.309999465942383,16.829999923706055,16.8700008392334,16.8700008392334,2786935,UA
16.530000686645508,16.790000915527344,16.399999618530273,16.6299991607666,16.6299991607666,2238748,UA
16.739999771118164,17.020000457763672,16.639999389648438,17.010000228881836,17.010000228881836,2369274,UA
17.1299991607666,17.299999237060547,16.93000030517578,17.200000762939453,17.200000762939453,2712267,UA
17.329999923706055,17.530000686645508,17.239999771118164,17.440000534057617,17.440000534057617,2168380,UA
17.290000915527344,17.780000686645508,17.270000457763672,17.690000534057617,17.690000534057617,1996077,UA
17.700000762939453,17.739999771118164,17.549999237060547,17.690000534057617,17.690000534057617,1695777,UA
17.649999618530273,17.75,17.489999771118164,17.510000228881836,17.510000228881836,1729251,UA
17.459999084472656,17.600000381469727,17.25,17.510000228881836,17.510000228881836,2396984,UA
17.579999923706055,18.0,17.510000228881836,17.780000686645508,17.780000686645508,2030244,UA
17.889999389648438,18.628999710083008,17.84000015258789,18.59000015258789,18.59000015258789,2724173,UA
18.559999465942383,18.729999542236328,18.440000534057617,18.690000534057617,18.690000534057617,2185531,UA
18.690000534057617,19.049999237060547,18.559999465942383,19.030000686645508,19.030000686645508,1666444,UA
19.010000228881836,19.1299991607666,18.892000198364258,19.010000228881836,19.010000228881836,1731294,UA
19.049999237060547,19.360000610351562,18.93000030517578,19.299999237060547,19.299999237060547,3177689,UA
19.350000381469727,19.48699951171875,19.260000228881836,19.3700008392334,19.3700008392334,1098768,UA
19.3799991607666,19.489999771118164,19.299999237060547,19.399999618530273,19.399999618530273,669443,UA
19.40999984741211,19.606000900268555,19.329999923706055,19.549999237060547,19.549999237060547,857002,UA
19.600000381469727,19.649999618530273,19.18000030517578,19.25,19.25,1271060,UA
19.139999389648438,19.25,18.96500015258789,18.989999771118164,18.989999771118164,1793235,UA
18.989999771118164,19.260000228881836,18.899999618530273,19.18000030517578,19.18000030517578,1982474,UA
